<TICKER>,<DTYYYYMMDD>,<FIRST>,<HIGH>,<LOW>,<CLOSE>,<VALUE>,<VOL>,<OPENINT>,<PER>,<OPEN>,<LAST>
Khoozestan.CE.,20190218,4088.00,4188.00,4088.00,4187.00,68353837189,16324229,1239,D,3989.00,4188.00
Khoozestan.CE.,20190217,3950.00,4113.00,3950.00,3989.00,1030052903,258250,74,D,4021.00,3951.00
Khoozestan.CE.,20190216,4165.00,4165.00,3970.00,4021.00,2389371164,594173,161,D,4099.00,4030.00
Khoozestan.CE.,20190213,4324.00,4324.00,4000.00,4099.00,3129901249,763540,151,D,4187.00,4051.00
Khoozestan.CE.,20190212,4031.00,4234.00,4030.00,4187.00,14253956834,3404087,428,D,4033.00,4233.00
Khoozestan.CE.,20190210,4105.00,4105.00,4011.00,4033.00,1857575488,460600,121,D,4078.00,4070.00
Khoozestan.CE.,20190206,4012.00,4150.00,4006.00,4078.00,2545694106,624220,130,D,4046.00,4142.00
Khoozestan.CE.,20190205,4110.00,4179.00,4030.00,4046.00,2329518516,575754,135,D,4080.00,4044.00
Khoozestan.CE.,20190204,4100.00,4197.00,4016.00,4080.00,3780256289,926631,220,D,4198.00,4037.00
Khoozestan.CE.,20190203,4300.00,4300.00,4197.00,4198.00,2192318139,522269,88,D,4417.00,4197.00
Khoozestan.CE.,20190202,4610.00,4610.00,4270.00,4417.00,5219952813,1181855,370,D,4444.00,4293.00
Khoozestan.CE.,20190130,4320.00,4456.00,4320.00,4444.00,24675514218,5552238,698,D,4244.00,4456.00
Khoozestan.CE.,20190129,4214.00,4371.00,4150.00,4244.00,4478511758,1055172,291,D,4182.00,4250.00
Khoozestan.CE.,20190128,4024.00,4215.00,4024.00,4182.00,6814295293,1629627,274,D,4015.00,4211.00
Khoozestan.CE.,20190127,4105.00,4130.00,3971.00,4015.00,4036861433,1005525,164,D,4131.00,4130.00
Khoozestan.CE.,20190126,4082.00,4223.00,4082.00,4131.00,1853237484,448625,121,D,4203.00,4108.00
Khoozestan.CE.,20190123,4150.00,4250.00,4150.00,4203.00,5919391179,1408320,262,D,4119.00,4200.00
Khoozestan.CE.,20190122,3955.00,4169.00,3955.00,4119.00,6724432836,1632492,241,D,3994.00,4150.00
Khoozestan.CE.,20190121,4152.00,4152.00,3900.00,3994.00,1569619440,392948,102,D,4080.00,4100.00
Khoozestan.CE.,20190120,4135.00,4140.00,4040.00,4080.00,1504387451,368763,108,D,4073.00,4051.00
Khoozestan.CE.,20190119,3937.00,4101.00,3937.00,4073.00,12464581747,3060212,517,D,3906.00,4100.00
Khoozestan.CE.,20190116,3963.00,3963.00,3864.00,3906.00,2230604465,571100,85,D,3906.00,3920.00
Khoozestan.CE.,20190115,3812.00,3980.00,3800.00,3906.00,5513348171,1411623,190,D,3882.00,3930.00
Khoozestan.CE.,20190114,3900.00,3970.00,3840.00,3882.00,1387553910,357434,87,D,3917.00,3887.00
Khoozestan.CE.,20190113,3850.00,3960.00,3850.00,3917.00,967835944,247151,81,D,3942.00,3896.00
Khoozestan.CE.,20190112,3800.00,4000.00,3800.00,3942.00,1564327161,396876,135,D,3870.00,3950.00
Khoozestan.CE.,20190107,3805.00,3950.00,3800.00,3870.00,3268260780,844435,141,D,3823.00,3800.00
Khoozestan.CE.,20190106,3780.00,3843.00,3780.00,3823.00,1140194498,298219,73,D,3847.00,3843.00
Khoozestan.CE.,20190105,3885.00,3886.00,3772.00,3847.00,1731224397,450015,61,D,3886.00,3772.00
Khoozestan.CE.,20190102,3946.00,4030.00,3838.00,3886.00,3963175199,1019948,154,D,4039.00,3838.00
Khoozestan.CE.,20190101,4152.00,4152.00,3978.00,4039.00,2745782157,679735,136,D,4069.00,3998.00
Khoozestan.CE.,20181231,4000.00,4151.00,3850.00,4069.00,5548887850,1363742,269,D,3956.00,4090.00
Khoozestan.CE.,20181230,3927.00,4000.00,3927.00,3956.00,2335832926,590436,84,D,3927.00,3950.00
Khoozestan.CE.,20181229,3839.00,3960.00,3839.00,3927.00,1898519245,483509,78,D,3970.00,3919.00
Khoozestan.CE.,20181226,3831.00,4000.00,3831.00,3970.00,2933082255,738795,68,D,3937.00,3945.00
Khoozestan.CE.,20181225,3900.00,3970.00,3830.00,3937.00,613856919,158100,55,D,4020.00,3877.00
Khoozestan.CE.,20181224,4007.00,4199.00,3920.00,4020.00,1510104490,375632,98,D,4006.00,3990.00
Khoozestan.CE.,20181223,4012.00,4027.00,3910.00,4006.00,2233301664,557541,89,D,3836.00,4000.00
Khoozestan.CE.,20181222,3817.00,4014.00,3817.00,3836.00,1546370817,403105,71,D,4014.00,3870.00
Khoozestan.CE.,20181219,4180.00,4180.00,3934.00,4014.00,948897980,237119,74,D,4141.00,4000.00
Khoozestan.CE.,20181218,4200.00,4295.00,4067.00,4141.00,519567209,126210,37,D,4163.00,4095.00
Khoozestan.CE.,20181217,4221.00,4299.00,4129.00,4163.00,1572439825,377693,72,D,4244.00,4190.00
Khoozestan.CE.,20181216,4330.00,4330.00,4140.00,4244.00,3925493031,925007,120,D,4346.00,4298.00
Khoozestan.CE.,20181215,4400.00,4443.00,4330.00,4346.00,1342127871,308830,55,D,4394.00,4370.00
Khoozestan.CE.,20181212,4449.00,4450.00,4400.00,4394.00,484411683,109929,56,D,4384.00,4405.00
Khoozestan.CE.,20181211,4304.00,4445.00,4300.00,4384.00,1629711016,371751,61,D,4281.00,4445.00
Khoozestan.CE.,20181210,4399.00,4399.00,4222.00,4281.00,363985250,84016,27,D,4256.00,4360.00
Khoozestan.CE.,20181209,4355.00,4372.00,4198.00,4256.00,4686141541,1100939,182,D,4418.00,4300.00
Khoozestan.CE.,20181208,4500.00,4500.00,4360.00,4418.00,1041424289,236198,80,D,4508.00,4360.00
Khoozestan.CE.,20181205,4600.00,4600.00,4445.00,4508.00,1196764087,265504,81,D,4537.00,4452.00
Khoozestan.CE.,20181204,4600.00,4679.00,4400.00,4537.00,1456812261,321108,85,D,4460.00,4590.00
Khoozestan.CE.,20181203,4498.00,4551.00,4325.00,4460.00,1816171138,407182,131,D,4335.00,4550.00
Khoozestan.CE.,20181202,4323.00,4750.00,4323.00,4335.00,18818873542,4340976,567,D,4550.00,4370.00
Khoozestan.CE.,20181201,4635.00,4635.00,4481.00,4550.00,1003840951,222031,34,D,4716.00,4481.00
Khoozestan.CE.,20181128,4622.00,4878.00,4622.00,4716.00,931258465,198484,42,D,4792.00,4700.00
Khoozestan.CE.,20181127,5082.00,5082.00,4708.00,4792.00,5335556776,1113410,67,D,4864.00,4761.00
Khoozestan.CE.,20181126,5116.00,5260.00,4780.00,4864.00,3496110211,718839,96,D,5016.00,4910.00
Khoozestan.CE.,20181124,5000.00,5116.00,4910.00,5016.00,1510963956,301235,70,D,4975.00,5089.00
Khoozestan.CE.,20181121,5120.00,5120.00,4852.00,4975.00,1337064978,268734,46,D,5023.00,4852.00
Khoozestan.CE.,20181120,5020.00,5130.00,4780.00,5023.00,1735713188,345572,80,D,4918.00,5130.00
Khoozestan.CE.,20181119,4923.00,5150.00,4781.00,4918.00,3949431421,803071,88,D,4923.00,4781.00
Khoozestan.CE.,20181118,4910.00,5026.00,4900.00,4923.00,2179546916,442739,68,D,5029.00,4950.00
Khoozestan.CE.,20181117,5047.00,5178.00,5011.00,5029.00,3461689615,688278,129,D,5127.00,5016.00
Khoozestan.CE.,20181114,5001.00,5159.00,5000.00,5127.00,565041006,111137,45,D,5159.00,5047.00
Khoozestan.CE.,20181113,5229.00,5229.00,5100.00,5159.00,844946829,163828,48,D,5161.00,5169.00
Khoozestan.CE.,20181112,5270.00,5270.00,5020.00,5161.00,2394814280,464051,92,D,5146.00,5020.00
Khoozestan.CE.,20181111,5350.00,5350.00,5000.00,5146.00,1903602325,369911,83,D,5187.00,5130.00
Khoozestan.CE.,20181110,5294.00,5295.00,5141.00,5187.00,1701506892,328030,89,D,5166.00,5190.00
Khoozestan.CE.,20181106,5001.00,5250.00,5000.00,5166.00,1211653738,234042,82,D,5068.00,5150.00
Khoozestan.CE.,20181105,5139.00,5140.00,5021.00,5068.00,2906992147,573560,120,D,5004.00,5090.00
Khoozestan.CE.,20181104,4900.00,5050.00,4860.00,5004.00,2876724800,574917,89,D,5031.00,5050.00
Khoozestan.CE.,20181103,5003.00,5005.00,4903.00,5031.00,686540056,138466,53,D,5114.00,4960.00
Khoozestan.CE.,20181031,5050.00,5199.00,5000.00,5114.00,2768457193,541353,114,D,5043.00,5195.00
Khoozestan.CE.,20181029,5090.00,5091.00,4921.00,5043.00,3951892037,783661,158,D,4858.00,4980.00
Khoozestan.CE.,20181028,4760.00,4979.00,4630.00,4858.00,1385549587,285237,72,D,4775.00,4811.00
Khoozestan.CE.,20181027,4830.00,4990.00,4756.00,4775.00,4275274337,895285,122,D,5006.00,4760.00
Khoozestan.CE.,20181024,5100.00,5100.00,4914.00,5006.00,4867174994,972188,153,D,5069.00,5053.00
Khoozestan.CE.,20181023,5240.00,5240.00,4951.00,5069.00,7805445640,1539915,164,D,5128.00,5220.00
Khoozestan.CE.,20181022,5120.00,5280.00,5060.00,5128.00,3219301499,627814,98,D,5164.00,5193.00
Khoozestan.CE.,20181021,5269.00,5269.00,5008.00,5164.00,3819640052,739705,116,D,5199.00,5200.00
Khoozestan.CE.,20181020,5265.00,5269.00,5100.00,5199.00,18032721972,3468575,404,D,5049.00,5249.00
Khoozestan.CE.,20181017,5078.00,5180.00,4901.00,5049.00,5480930108,1085494,139,D,5110.00,5175.00
Khoozestan.CE.,20181016,5070.00,5290.00,5070.00,5110.00,5093919991,996840,158,D,5065.00,5076.00
Khoozestan.CE.,20181015,4684.00,5067.00,4684.00,5065.00,6838857848,1350279,217,D,4826.00,5064.00
Khoozestan.CE.,20181014,4563.00,4970.00,4563.00,4826.00,268473400,54400,5,D,4796.00,4960.00
Khoozestan.CE.,20181013,4874.00,5050.00,4787.00,4796.00,7307605963,1523582,184,D,5038.00,4849.00
Khoozestan.CE.,20181010,5290.00,5290.00,5019.00,5038.00,10530629367,2090102,221,D,5283.00,5023.00
Khoozestan.CE.,20181009,5040.00,5289.00,5040.00,5283.00,16191253461,3064763,254,D,5038.00,5192.00
Khoozestan.CE.,20181008,4883.00,5289.00,4883.00,5038.00,3972134966,788445,156,D,5128.00,5103.00
Khoozestan.CE.,20181007,5160.00,5360.00,5111.00,5128.00,11956374659,2331568,245,D,5380.00,5111.00
Khoozestan.CE.,20181006,5560.00,5839.00,5316.00,5380.00,20811331881,3868545,445,D,5595.00,5316.00
Khoozestan.CE.,20181003,5370.00,5897.00,5370.00,5595.00,25889278118,4627462,581,D,5652.00,5586.00
Khoozestan.CE.,20181002,5850.00,5850.00,5604.00,5652.00,16859437252,2983154,308,D,5898.00,5604.00
Khoozestan.CE.,20181001,5922.00,5922.00,5505.00,5898.00,108865854312,18456771,1380,D,5640.00,5922.00
Khoozestan.CE.,20180930,5640.00,5640.00,5640.00,5640.00,39227485920,6955228,319,D,5372.00,5640.00
Khoozestan.CE.,20180929,5350.00,5482.00,5300.00,5372.00,112098405086,20868707,1456,D,5221.00,5482.00
Khoozestan.CE.,20180926,5388.00,5388.00,5200.00,5221.00,31816688547,6093926,541,D,5215.00,5200.00
Khoozestan.CE.,20180925,5222.00,5399.00,5060.00,5215.00,46665196368,8947839,656,D,5222.00,5100.00
Khoozestan.CE.,20180924,5399.00,5399.00,5110.00,5222.00,16675901158,3193625,321,D,5215.00,5219.00
Khoozestan.CE.,20180923,5500.00,5500.00,5150.00,5215.00,28445407824,5454484,614,D,5323.00,5250.00
Khoozestan.CE.,20180922,5467.00,5740.00,5300.00,5323.00,39644347420,7447605,441,D,5207.00,5300.00
Khoozestan.CE.,20180918,5000.00,5213.00,5000.00,5207.00,7428973580,1426853,104,D,4965.00,5213.00
Khoozestan.CE.,20180917,4960.00,5048.00,4700.00,4965.00,11593969737,2335368,231,D,4808.00,4823.00
Khoozestan.CE.,20180916,4950.00,4950.00,4601.00,4808.00,3300626140,686515,70,D,4731.00,4849.00
Khoozestan.CE.,20180915,4559.00,4732.00,4559.00,4731.00,26034986137,5503304,287,D,4507.00,4732.00
Khoozestan.CE.,20180912,4320.00,4520.00,4250.00,4507.00,3322651128,737161,84,D,4305.00,4512.00
Khoozestan.CE.,20180911,4499.00,4499.00,4201.00,4305.00,643042821,150374,44,D,4345.00,4483.00
Khoozestan.CE.,20180910,4490.00,4490.00,4310.00,4345.00,356570918,79936,19,D,4294.00,4467.00
Khoozestan.CE.,20180909,4016.00,4307.00,4016.00,4294.00,1941063371,452039,75,D,4102.00,4307.00
Khoozestan.CE.,20180908,4000.00,4200.00,3922.00,4102.00,867095164,210952,61,D,4065.00,4190.00
Khoozestan.CE.,20180905,4196.00,4200.00,3951.00,4065.00,252339790,62010,22,D,4064.00,4002.00
Khoozestan.CE.,20180904,4139.00,4150.00,4021.00,4064.00,692170982,167901,34,D,3958.00,4024.00
Khoozestan.CE.,20180903,3911.00,4042.00,3880.00,3958.00,1052201455,265820,48,D,4084.00,4030.00
Khoozestan.CE.,20180902,4248.00,4248.00,3880.00,4084.00,686232080,167165,48,D,4046.00,4000.00
Khoozestan.CE.,20180901,4046.00,4046.00,3883.00,4046.00,2019093188,499086,96,D,3854.00,4046.00
Khoozestan.CE.,20180829,3889.00,3990.00,3750.00,3854.00,953368401,247300,49,D,3823.00,3900.00
Khoozestan.CE.,20180828,4014.00,4014.00,3660.00,3823.00,745034641,194899,46,D,3823.00,3888.00
Khoozestan.CE.,20180827,3790.00,3827.00,3790.00,3823.00,1203896359,314893,45,D,3645.00,3827.00
Khoozestan.CE.,20180826,3580.00,3690.00,3580.00,3645.00,853686123,233251,53,D,3515.00,3690.00
Khoozestan.CE.,20180825,3504.00,3590.00,3504.00,3515.00,280566566,79267,45,D,3504.00,3579.00
Khoozestan.CE.,20180821,3495.00,3600.00,3495.00,3504.00,321782885,91471,27,D,3497.00,3500.00
Khoozestan.CE.,20180820,3500.00,3607.00,3476.00,3497.00,414714266,116054,30,D,3436.00,3497.00
Khoozestan.CE.,20180819,3450.00,3550.00,3430.00,3436.00,274842848,79342,27,D,3423.00,3500.00
Khoozestan.CE.,20180818,3372.00,3450.00,3337.00,3423.00,1765685608,515802,93,D,3286.00,3400.00
Khoozestan.CE.,20180815,3290.00,3360.00,3271.00,3286.00,366012216,110688,35,D,3271.00,3360.00
Khoozestan.CE.,20180814,3289.00,3300.00,3211.00,3271.00,557563371,170959,28,D,3289.00,3300.00
Khoozestan.CE.,20180813,3333.00,3394.00,3300.00,3289.00,363168054,107858,31,D,3233.00,3387.00
Khoozestan.CE.,20180812,3230.00,3303.00,3100.00,3233.00,351024646,108893,44,D,3239.00,3303.00
Khoozestan.CE.,20180811,3110.00,3294.00,3110.00,3239.00,181241076,57956,29,D,3271.00,3183.00
Khoozestan.CE.,20180808,3130.00,3369.00,3130.00,3271.00,1194497921,365153,55,D,3291.00,3220.00
Khoozestan.CE.,20180807,3290.00,3368.00,3177.00,3291.00,3688735097,1120731,111,D,3262.00,3300.00
Khoozestan.CE.,20180806,3250.00,3266.00,3114.00,3262.00,20099602414,6161487,359,D,3111.00,3114.00
Khoozestan.CE.,20180805,3121.00,3300.00,3085.00,3111.00,3932608239,1264199,137,D,3242.00,3100.00
Khoozestan.CE.,20180804,3280.00,3280.00,3122.00,3242.00,224028978,71623,14,D,3285.00,3122.00
Khoozestan.CE.,20180801,3394.00,3394.00,3073.00,3285.00,899599181,273866,73,D,3233.00,3122.00
Khoozestan.CE.,20180731,3144.00,3270.00,3144.00,3233.00,1318608410,407823,62,D,3115.00,3270.00
Khoozestan.CE.,20180730,3094.00,3124.00,2870.00,3115.00,1440213564,462300,65,D,2976.00,3124.00
Khoozestan.CE.,20180729,2947.00,3149.00,2852.00,2976.00,1236503157,415554,55,D,3002.00,3100.00
Khoozestan.CE.,20180728,3063.00,3105.00,2945.00,3002.00,2446098110,814917,97,D,3100.00,3103.00
Khoozestan.CE.,20180725,3100.00,3110.00,3010.00,3100.00,2833055060,914001,145,D,2962.00,3064.00
Khoozestan.CE.,20180724,2840.00,2963.00,2840.00,2962.00,11217416678,3786818,236,D,2822.00,2963.00
Khoozestan.CE.,20180723,2840.00,2915.00,2740.00,2822.00,1319070040,467454,49,D,2777.00,2777.00
Khoozestan.CE.,20180722,2840.00,2840.00,2740.00,2777.00,5874540,2071,3,D,2777.00,2740.00
Khoozestan.CE.,20180721,2840.00,2840.00,2830.00,2777.00,40607000,14300,4,D,2773.00,2840.00
Khoozestan.CE.,20180718,2819.00,2840.00,2700.00,2773.00,370961904,132560,29,D,2747.00,2840.00
Khoozestan.CE.,20180717,2817.00,2829.00,2646.00,2747.00,10815832,4001,6,D,2748.00,2674.00
Khoozestan.CE.,20180716,2798.00,2800.00,2721.00,2748.00,312238985,111705,25,D,2713.00,2790.00
Khoozestan.CE.,20180715,2608.00,2790.00,2608.00,2713.00,233650424,84925,45,D,2695.00,2756.00
Khoozestan.CE.,20180714,2630.00,2700.00,2630.00,2695.00,32490650,12135,7,D,2696.00,2700.00
Khoozestan.CE.,20180711,2610.00,2719.00,2609.00,2696.00,142045190,52955,23,D,2700.00,2665.00
Khoozestan.CE.,20180710,2607.00,2704.00,2607.00,2700.00,406732872,150857,23,D,2705.00,2704.00
Khoozestan.CE.,20180708,2607.00,2700.00,2607.00,2705.00,32214000,12000,2,D,2706.00,2700.00
Khoozestan.CE.,20180707,2757.00,2758.00,2630.00,2706.00,34763578,12891,7,D,2707.00,2715.00
Khoozestan.CE.,20180704,2646.00,2720.00,2646.00,2707.00,130928592,48632,17,D,2711.00,2650.00
Khoozestan.CE.,20180702,2796.00,2796.00,2642.00,2711.00,22214000,8000,2,D,2709.00,2642.00
Khoozestan.CE.,20180701,2633.00,2634.00,2607.00,2709.00,155357809,59100,12,D,2732.00,2620.00
Khoozestan.CE.,20180630,2626.00,2760.00,2600.00,2732.00,326722971,119315,34,D,2727.00,2760.00
Khoozestan.CE.,20180627,2666.00,2798.00,2666.00,2727.00,391342174,144330,17,D,2746.00,2750.00
Khoozestan.CE.,20180626,2631.00,2774.00,2630.00,2746.00,357312138,130938,24,D,2764.00,2774.00
Khoozestan.CE.,20180625,2611.00,2798.00,2556.00,2764.00,783403911,283480,55,D,2665.00,2651.00
Khoozestan.CE.,20180624,2665.00,2665.00,2655.00,2665.00,1098335325,412201,107,D,2539.00,2665.00
Khoozestan.CE.,20180623,2470.00,2542.00,2400.00,2539.00,1865324961,734619,60,D,2421.00,2542.00
Khoozestan.CE.,20180620,2448.00,2490.00,2447.00,2421.00,314638676,128149,37,D,2388.00,2470.00
Khoozestan.CE.,20180619,2310.00,2440.00,2310.00,2388.00,264865460,110187,28,D,2376.00,2430.00
Khoozestan.CE.,20180618,2433.00,2440.00,2270.00,2376.00,768392451,323427,44,D,2379.00,2310.00
Khoozestan.CE.,20180617,2499.00,2499.00,2280.00,2379.00,1049205965,440998,62,D,2396.00,2420.00
Khoozestan.CE.,20180613,2369.00,2412.00,2321.00,2396.00,1167266628,487156,52,D,2298.00,2410.00
Khoozestan.CE.,20180612,2279.00,2348.00,2270.00,2298.00,747081880,325157,42,D,2268.00,2340.00
Khoozestan.CE.,20180611,2288.00,2288.00,2240.00,2268.00,29824000,13100,3,D,2268.00,2240.00
Khoozestan.CE.,20180610,2251.00,2295.00,2212.00,2268.00,307083625,136647,23,D,2290.00,2212.00
Khoozestan.CE.,20180609,2243.00,2350.00,2222.00,2290.00,1091478190,476618,83,D,2264.00,2270.00
Khoozestan.CE.,20180603,2250.00,2328.00,2200.00,2264.00,266040300,118000,25,D,2272.00,2200.00
Khoozestan.CE.,20180602,2169.00,2273.00,2100.00,2272.00,2386742859,1050273,90,D,2165.00,2273.00
Khoozestan.CE.,20180530,1985.00,2169.00,1985.00,2165.00,165767396,76572,28,D,2066.00,2166.00
Khoozestan.CE.,20180523,2345.00,2454.00,2345.00,2416.00,61847925,25837,24,D,2418.00,2365.00
Khoozestan.CE.,20180522,2400.00,2485.00,2352.00,2418.00,52233655,21625,17,D,2418.00,2352.00
Khoozestan.CE.,20180521,2407.00,2497.00,2405.00,2418.00,14168867,5850,10,D,2418.00,2406.00
Khoozestan.CE.,20180520,2440.00,2510.00,2382.00,2418.00,173161420,71808,21,D,2420.00,2420.00
Khoozestan.CE.,20180519,2528.00,2528.00,2391.00,2420.00,96138917,39770,28,D,2421.00,2401.00
Khoozestan.CE.,20180516,2439.00,2450.00,2439.00,2421.00,83181900,34000,7,D,2417.00,2450.00
Khoozestan.CE.,20180515,2500.00,2500.00,2342.00,2417.00,265712050,110332,21,D,2423.00,2400.00
Khoozestan.CE.,20180514,2390.00,2464.00,2377.00,2423.00,812824254,335400,56,D,2347.00,2464.00
Khoozestan.CE.,20180513,2346.00,2360.00,2346.00,2347.00,32279500,13700,7,D,2346.00,2360.00
Khoozestan.CE.,20180512,2387.00,2388.00,2270.00,2346.00,23991737,10100,3,D,2345.00,2270.00
Khoozestan.CE.,20180509,2260.00,2374.00,2260.00,2345.00,46033650,19843,18,D,2347.00,2272.00
Khoozestan.CE.,20180508,2300.00,2396.00,2247.00,2347.00,26387520,11462,7,D,2349.00,2261.00
Khoozestan.CE.,20180507,2256.00,2280.00,2256.00,2349.00,12582000,5550,5,D,2351.00,2280.00
Khoozestan.CE.,20180506,2258.00,2266.00,2258.00,2351.00,8976126,3971,4,D,2352.00,2266.00
Khoozestan.CE.,20180505,2265.00,2358.00,2265.00,2352.00,83871220,36171,11,D,2357.00,2340.00
Khoozestan.CE.,20180501,2359.00,2359.00,2256.00,2357.00,26161655,11545,5,D,2361.00,2257.00
Khoozestan.CE.,20180430,2247.00,2247.00,2245.00,2361.00,11227000,5000,3,D,2363.00,2245.00
Khoozestan.CE.,20180429,2300.00,2300.00,2255.00,2363.00,28238814,12409,6,D,2367.00,2255.00
Khoozestan.CE.,20180428,2262.00,2262.00,2262.00,2367.00,1809600,800,1,D,2367.00,2262.00
Khoozestan.CE.,20180425,2297.00,2300.00,2295.00,2367.00,9703345,4221,9,D,2368.00,2297.00
Khoozestan.CE.,20180424,2350.00,2399.00,2249.00,2368.00,76097343,32081,7,D,2367.00,2268.00
Khoozestan.CE.,20180423,2270.00,2270.00,2262.00,2367.00,72764600,32100,8,D,2381.00,2262.00
Khoozestan.CE.,20180422,2264.00,2276.00,2264.00,2381.00,12038492,5300,7,D,2383.00,2275.00
Khoozestan.CE.,20180421,2370.00,2370.00,2370.00,2383.00,10428000,4400,1,D,2383.00,2370.00
Khoozestan.CE.,20180418,2267.00,2379.00,2266.00,2383.00,14228930,6120,7,D,2384.00,2379.00
Khoozestan.CE.,20180417,2300.00,2300.00,2297.00,2384.00,82754900,35983,4,D,2397.00,2297.00
Khoozestan.CE.,20180415,2395.00,2396.00,2301.00,2397.00,60918896,26100,6,D,2404.00,2307.00
Khoozestan.CE.,20180411,2310.00,2398.00,2300.00,2404.00,96555671,41275,4,D,2416.00,2300.00
Khoozestan.CE.,20180410,2330.00,2477.00,2318.00,2416.00,231845128,97541,29,D,2440.00,2318.00
Khoozestan.CE.,20180409,2394.00,2394.00,2353.00,2440.00,192418440,81517,33,D,2476.00,2353.00
Khoozestan.CE.,20180408,2410.00,2410.00,2410.00,2476.00,1205000,500,1,D,2476.00,2410.00
Khoozestan.CE.,20180404,2401.00,2401.00,2400.00,2476.00,3109000,1295,4,D,2476.00,2400.00
Khoozestan.CE.,20180403,2406.00,2450.00,2406.00,2476.00,13966200,5780,6,D,2477.00,2450.00
Khoozestan.CE.,20180328,2394.00,2408.00,2393.00,2477.00,7209900,3000,3,D,2478.00,2408.00
Khoozestan.CE.,20180327,2400.00,2510.00,2400.00,2478.00,47650600,19400,3,D,2480.00,2510.00
Khoozestan.CE.,20180326,2396.00,2396.00,2396.00,2480.00,1916800,800,2,D,2480.00,2396.00
Khoozestan.CE.,20180319,2411.00,2421.00,2411.00,2480.00,12191599,5040,4,D,2481.00,2420.00
Khoozestan.CE.,20180318,2480.00,2549.00,2405.00,2481.00,75078640,29840,9,D,2476.00,2405.00
Khoozestan.CE.,20180317,2469.00,2469.00,2401.00,2476.00,42238770,17554,3,D,2481.00,2401.00
Khoozestan.CE.,20180314,2431.00,2518.00,2377.00,2481.00,191523013,78683,30,D,2502.00,2500.00
Khoozestan.CE.,20180313,2433.00,2539.00,2432.00,2502.00,156804692,63099,9,D,2507.00,2539.00
Khoozestan.CE.,20180312,2540.00,2540.00,2540.00,2507.00,254000,100,1,D,2507.00,2540.00
Khoozestan.CE.,20180311,2450.00,2555.00,2430.00,2507.00,165648147,66180,5,D,2508.00,2430.00
Khoozestan.CE.,20180310,2498.00,2508.00,2498.00,2508.00,523643016,208797,12,D,2508.00,2508.00
Khoozestan.CE.,20180306,2450.00,2450.00,2441.00,2508.00,7653619,3126,6,D,2509.00,2442.00
Khoozestan.CE.,20180305,2500.00,2500.00,2500.00,2509.00,1250000,500,1,D,2509.00,2500.00
Khoozestan.CE.,20180304,2519.00,2520.00,2500.00,2509.00,347251114,138000,27,D,2501.00,2520.00
Khoozestan.CE.,20180303,2556.00,2557.00,2465.00,2501.00,36386714,14460,13,D,2500.00,2465.00
Khoozestan.CE.,20180228,2442.00,2442.00,2442.00,2500.00,3663000,1500,1,D,2500.00,2442.00
Khoozestan.CE.,20180227,2548.00,2548.00,2548.00,2500.00,8780408,3446,1,D,2499.00,2548.00
Khoozestan.CE.,20180226,2556.00,2556.00,2431.00,2499.00,137832986,54200,5,D,2487.00,2442.00
Khoozestan.CE.,20180225,2457.00,2459.00,2450.00,2487.00,122421760,49910,10,D,2495.00,2450.00
Khoozestan.CE.,20180224,2450.00,2555.00,2446.00,2495.00,73432600,29500,5,D,2496.00,2470.00
Khoozestan.CE.,20180221,2415.00,2556.00,2415.00,2496.00,14430668,5853,5,D,2497.00,2451.00
Khoozestan.CE.,20180219,2459.00,2577.00,2459.00,2497.00,472909447,189053,11,D,2485.00,2576.00
Khoozestan.CE.,20180218,2459.00,2460.00,2440.00,2485.00,137736339,56041,7,D,2492.00,2440.00
Khoozestan.CE.,20180217,2495.00,2495.00,2495.00,2492.00,9980000,4000,1,D,2492.00,2495.00
Khoozestan.CE.,20180214,2400.00,2403.00,2400.00,2492.00,30379310,12650,8,D,2497.00,2402.00
Khoozestan.CE.,20180213,2498.00,2498.00,2410.00,2497.00,28288577,11493,4,D,2499.00,2460.00
Khoozestan.CE.,20180212,2498.00,2498.00,2410.00,2499.00,37118995,15000,5,D,2501.00,2410.00
Khoozestan.CE.,20180210,2401.00,2410.00,2401.00,2501.00,26456000,11000,2,D,2505.00,2410.00
Khoozestan.CE.,20180207,2410.00,2410.00,2408.00,2505.00,6746830,2800,6,D,2506.00,2408.00
Khoozestan.CE.,20180206,2401.00,2407.00,2400.00,2506.00,11339500,4723,10,D,2508.00,2407.00
Khoozestan.CE.,20180205,2520.00,2520.00,2406.00,2508.00,15036199,6061,5,D,2509.00,2499.00
Khoozestan.CE.,20180204,2430.00,2430.00,2400.00,2509.00,19618552,8100,8,D,2512.00,2408.00
Khoozestan.CE.,20180203,2431.00,2431.00,2431.00,2512.00,4375800,1800,1,D,2513.00,2431.00
Khoozestan.CE.,20180131,2511.00,2511.00,2436.00,2513.00,14602290,5920,7,D,2514.00,2436.00
Khoozestan.CE.,20180130,2450.00,2450.00,2432.00,2514.00,32725164,13419,7,D,2518.00,2440.00
Khoozestan.CE.,20180129,2445.00,2547.00,2445.00,2518.00,17052661,6955,3,D,2520.00,2547.00
Khoozestan.CE.,20180128,2498.00,2499.00,2440.00,2520.00,14136600,5750,5,D,2521.00,2440.00
Khoozestan.CE.,20180127,2499.00,2499.00,2499.00,2521.00,124950,50,1,D,2521.00,2499.00
Khoozestan.CE.,20180124,2435.00,2539.00,2435.00,2521.00,1542656,608,4,D,2521.00,2538.00
Khoozestan.CE.,20180123,2445.00,2445.00,2432.00,2521.00,5604000,2300,3,D,2522.00,2432.00
Khoozestan.CE.,20180122,2461.00,2465.00,2441.00,2522.00,56056465,22816,18,D,2528.00,2462.00
Khoozestan.CE.,20180121,2486.00,2500.00,2486.00,2528.00,62673800,25074,3,D,2531.00,2500.00
Khoozestan.CE.,20180120,2530.00,2540.00,2500.00,2531.00,15837435,6300,6,D,2531.00,2540.00
Khoozestan.CE.,20180117,2492.00,2550.00,2492.00,2531.00,35004800,13778,4,D,2530.00,2550.00
Khoozestan.CE.,20180116,2522.00,2568.00,2521.00,2530.00,18087880,7110,8,D,2530.00,2568.00
Khoozestan.CE.,20180115,2550.00,2570.00,2520.00,2530.00,47011701,18400,9,D,2528.00,2522.00
Khoozestan.CE.,20180114,2494.00,2521.00,2493.00,2528.00,137275000,55000,5,D,2536.00,2521.00
Khoozestan.CE.,20180113,2540.00,2540.00,2520.00,2536.00,23537652,9313,8,D,2536.00,2523.00
Khoozestan.CE.,20180110,2550.00,2589.00,2540.00,2536.00,13832606,5375,10,D,2535.00,2588.00
Khoozestan.CE.,20180109,2500.00,2600.00,2500.00,2535.00,136551570,52865,11,D,2523.00,2600.00
Khoozestan.CE.,20180108,2490.00,2500.00,2490.00,2523.00,3747918,1501,5,D,2523.00,2500.00
Khoozestan.CE.,20180107,2500.00,2544.00,2493.00,2523.00,127041623,50632,20,D,2526.00,2519.00
Khoozestan.CE.,20180106,2527.00,2527.00,2460.00,2526.00,15971976,6388,6,D,2527.00,2490.00
Khoozestan.CE.,20180103,2482.00,2530.00,2471.00,2527.00,134956808,54265,19,D,2538.00,2500.00
Khoozestan.CE.,20180102,2450.00,2510.00,2450.00,2538.00,89000445,35781,9,D,2546.00,2480.00
Khoozestan.CE.,20180101,2510.00,2510.00,2510.00,2546.00,5020000,2000,1,D,2546.00,2510.00
Khoozestan.CE.,20171231,2510.00,2595.00,2485.00,2546.00,193241314,76318,22,D,2552.00,2487.00
Khoozestan.CE.,20171230,2508.00,2517.00,2508.00,2552.00,31549833,12549,3,D,2554.00,2517.00
Khoozestan.CE.,20171227,2555.00,2589.00,2501.00,2554.00,202093450,78498,13,D,2545.00,2589.00
Khoozestan.CE.,20171226,2589.00,2589.00,2501.00,2545.00,262091900,103427,29,D,2552.00,2530.00
Khoozestan.CE.,20171225,2513.00,2586.00,2511.00,2552.00,355341860,139299,30,D,2553.00,2555.00
Khoozestan.CE.,20171224,2648.00,2648.00,2490.00,2553.00,804742843,315169,55,D,2554.00,2600.00
Khoozestan.CE.,20171223,2614.00,2660.00,2530.00,2554.00,1820755109,712986,147,D,2663.00,2591.00
Khoozestan.CE.,20171220,2631.00,2699.00,2612.00,2663.00,94716562,35692,17,D,2665.00,2612.00
Khoozestan.CE.,20171219,2635.00,2694.00,2630.00,2665.00,239785039,89116,27,D,2651.00,2678.00
Khoozestan.CE.,20171218,2689.00,2739.00,2620.00,2651.00,51196256,19200,13,D,2650.00,2622.00
Khoozestan.CE.,20171217,2697.00,2697.00,2600.00,2650.00,185889900,69830,12,D,2645.00,2689.00
Khoozestan.CE.,20171216,2602.00,2608.00,2600.00,2645.00,334969454,128786,28,D,2689.00,2600.00
Khoozestan.CE.,20171213,2744.00,2744.00,2603.00,2689.00,87614200,32200,10,D,2685.00,2697.00
Khoozestan.CE.,20171212,2561.00,2776.00,2561.00,2685.00,924357886,344278,40,D,2644.00,2600.00
Khoozestan.CE.,20171211,2632.00,2693.00,2577.00,2644.00,458457103,175608,44,D,2712.00,2693.00
Khoozestan.CE.,20171210,2652.00,2700.00,2652.00,2712.00,32118340,12038,10,D,2714.00,2656.00
Khoozestan.CE.,20171209,2636.00,2710.00,2630.00,2714.00,80042560,30040,8,D,2721.00,2649.00
Khoozestan.CE.,20171205,2719.00,2719.00,2719.00,2721.00,27190000,10000,1,D,2721.00,2719.00
Khoozestan.CE.,20171204,2720.00,2728.00,2630.00,2721.00,175382144,65100,15,D,2730.00,2630.00
Khoozestan.CE.,20171203,2686.00,2686.00,2675.00,2730.00,8029400,3000,2,D,2731.00,2675.00
Khoozestan.CE.,20171202,2690.00,2768.00,2673.00,2731.00,177725049,65802,19,D,2741.00,2768.00
Khoozestan.CE.,20171129,2680.00,2780.00,2677.00,2741.00,12517865,4615,9,D,2742.00,2681.00
Khoozestan.CE.,20171128,2836.00,2836.00,2790.00,2742.00,8082560,2864,2,D,2741.00,2790.00
Khoozestan.CE.,20171126,2800.00,2872.00,2700.00,2741.00,99408000,35850,12,D,2736.00,2728.00
Khoozestan.CE.,20171125,2715.00,2780.00,2675.00,2736.00,281103950,104200,12,D,2762.00,2700.00
Khoozestan.CE.,20171122,2735.00,2799.00,2671.00,2762.00,409916539,150234,18,D,2808.00,2671.00
Khoozestan.CE.,20171121,2789.00,2790.00,2789.00,2808.00,30689000,11000,3,D,2809.00,2790.00
Khoozestan.CE.,20171120,2800.00,2800.00,2748.00,2809.00,60453654,21798,11,D,2812.00,2800.00
Khoozestan.CE.,20171118,2802.00,2884.00,2744.00,2812.00,733709865,260893,36,D,2803.00,2799.00
Khoozestan.CE.,20171115,2780.00,2815.00,2780.00,2803.00,705433100,251535,40,D,2748.00,2788.00
Khoozestan.CE.,20171114,2739.00,2760.00,2700.00,2748.00,790596531,287741,19,D,2742.00,2720.00
Khoozestan.CE.,20171113,2666.00,2666.00,2620.00,2742.00,54336750,20510,12,D,2750.00,2645.00
Khoozestan.CE.,20171112,2667.00,2670.00,2667.00,2750.00,34153868,12801,9,D,2754.00,2668.00
Khoozestan.CE.,20171111,2667.00,2668.00,2667.00,2754.00,40363372,15129,5,D,2759.00,2668.00
Khoozestan.CE.,20171108,2699.00,2668.00,2667.00,2759.00,137108800,51400,5,D,2782.00,2667.00
Khoozestan.CE.,20171107,2770.00,2770.00,2750.00,2782.00,5509992,2001,3,D,2782.00,2752.00
Khoozestan.CE.,20171106,2700.00,2783.00,2700.00,2782.00,18251800,6600,3,D,2782.00,2721.00
Khoozestan.CE.,20171105,2665.00,2780.00,2665.00,2782.00,11954295,4399,6,D,2783.00,2780.00
Khoozestan.CE.,20171101,2730.00,2799.00,2730.00,2783.00,10250000,3700,4,D,2783.00,2769.00
Khoozestan.CE.,20171031,2666.00,2720.00,2665.00,2783.00,14766400,5485,6,D,2785.00,2720.00
Khoozestan.CE.,20171030,2664.00,2664.00,2664.00,2785.00,6127200,2300,4,D,2786.00,2664.00
Khoozestan.CE.,20171029,2664.00,2750.00,2664.00,2786.00,17225428,6352,7,D,2788.00,2665.00
Khoozestan.CE.,20171028,2660.00,2660.00,2660.00,2788.00,2660000,1000,1,D,2788.00,2660.00
Khoozestan.CE.,20171025,2721.00,2910.00,2720.00,2788.00,538877636,194990,39,D,2863.00,2720.00
Khoozestan.CE.,20171024,2812.00,2812.00,2775.00,2863.00,278569893,100275,37,D,2917.00,2775.00
Khoozestan.CE.,20171023,2822.00,2822.00,2811.00,2917.00,29001458,10278,5,D,2921.00,2811.00
Khoozestan.CE.,20171022,2824.00,2850.00,2824.00,2921.00,77822310,27432,6,D,2931.00,2850.00
Khoozestan.CE.,20171021,2830.00,2836.00,2812.00,2931.00,28719725,10146,17,D,2935.00,2836.00
Khoozestan.CE.,20171018,2811.00,2845.00,2811.00,2935.00,28070944,9963,11,D,2940.00,2830.00
Khoozestan.CE.,20171017,2850.00,2850.00,2832.00,2940.00,19655280,6915,6,D,2943.00,2832.00
Khoozestan.CE.,20171016,2831.00,2843.00,2812.00,2943.00,77524666,27377,17,D,2956.00,2814.00
Khoozestan.CE.,20171015,2830.00,2850.00,2830.00,2956.00,87526412,30831,8,D,2972.00,2839.00
Khoozestan.CE.,20171014,2825.00,2970.00,2825.00,2972.00,8743800,3043,6,D,2973.00,2839.00
Khoozestan.CE.,20171011,2840.00,2899.00,2832.00,2973.00,35318671,12448,10,D,2980.00,2899.00
Khoozestan.CE.,20171010,2994.00,2994.00,2845.00,2980.00,5822009,2025,6,D,2981.00,2851.00
Khoozestan.CE.,20171009,2841.00,2844.00,2840.00,2981.00,9576680,3370,5,D,2983.00,2844.00
Khoozestan.CE.,20171008,3055.00,3055.00,2832.00,2983.00,26808075,8835,5,D,2981.00,2841.00
Khoozestan.CE.,20171007,2997.00,3070.00,2848.00,2981.00,104440732,36200,18,D,2997.00,2848.00
Khoozestan.CE.,20171004,2890.00,2890.00,2890.00,2997.00,4164490,1441,2,D,2998.00,2890.00
Khoozestan.CE.,20171003,2892.00,2910.00,2891.00,2998.00,21146368,7300,8,D,3001.00,2891.00
Khoozestan.CE.,20171002,2900.00,2900.00,2900.00,3001.00,2900000,1000,1,D,3001.00,2900.00
Khoozestan.CE.,20170927,2885.00,2885.00,2885.00,3001.00,2885,1,1,D,3001.00,2885.00
Khoozestan.CE.,20170926,3080.00,3094.00,3080.00,3001.00,14364630,4645,2,D,2999.00,3094.00
Khoozestan.CE.,20170925,3000.00,3010.00,2950.00,2999.00,2123692550,708145,55,D,3006.00,2950.00
Khoozestan.CE.,20170924,2926.00,3097.00,2901.00,3006.00,2583073196,859169,39,D,3043.00,2990.00
Khoozestan.CE.,20170923,2973.00,3046.00,2973.00,3043.00,1265150020,415745,51,D,3129.00,2973.00
Khoozestan.CE.,20170920,2920.00,3171.00,2920.00,3129.00,1622804245,518654,61,D,3067.00,2922.00
Khoozestan.CE.,20170919,3050.00,3070.00,3000.00,3067.00,1277671900,416600,39,D,3055.00,3000.00
Khoozestan.CE.,20170918,3000.00,3060.00,3000.00,3055.00,1588381420,519915,52,D,3041.00,3020.00
Khoozestan.CE.,20170917,2815.00,3060.00,2814.00,3041.00,937854620,308400,40,D,2939.00,3060.00
Khoozestan.CE.,20170913,2850.00,2899.00,2811.00,2939.00,69647569,24529,25,D,2949.00,2815.00
Khoozestan.CE.,20170912,2939.00,2939.00,2839.00,2949.00,8098700,2830,4,D,2950.00,2841.00
Khoozestan.CE.,20170911,2958.00,2958.00,2958.00,2950.00,20706000,7000,1,D,2950.00,2958.00
Khoozestan.CE.,20170910,2834.00,2940.00,2834.00,2950.00,13402520,4661,4,D,2951.00,2940.00
Khoozestan.CE.,20170906,2989.00,2989.00,2831.00,2951.00,21215164,7456,6,D,2954.00,2831.00
Khoozestan.CE.,20170905,2850.00,2998.00,2850.00,2954.00,24236160,8340,7,D,2956.00,2989.00
Khoozestan.CE.,20170904,3059.00,3059.00,2852.00,2956.00,10061420,3310,3,D,2955.00,2853.00
Khoozestan.CE.,20170903,2891.00,2891.00,2840.00,2955.00,127848000,44700,15,D,2975.00,2852.00
Khoozestan.CE.,20170902,3020.00,3020.00,2953.00,2975.00,74810924,24900,11,D,2972.00,3016.00
Khoozestan.CE.,20170830,2804.00,3030.00,2804.00,2972.00,757188794,254709,53,D,2944.00,2923.00
Khoozestan.CE.,20170829,2820.00,2820.00,2806.00,2944.00,37513526,13321,10,D,2951.00,2820.00
Khoozestan.CE.,20170828,2999.00,3100.00,2886.00,2951.00,498032392,171363,57,D,3037.00,2886.00
Khoozestan.CE.,20170827,3054.00,3145.00,2910.00,3037.00,37022245,12000,11,D,3035.00,2910.00
Khoozestan.CE.,20170826,2911.00,2911.00,2910.00,3035.00,56352256,19360,13,D,3045.00,2910.00
Khoozestan.CE.,20170823,2908.00,2908.00,2904.00,3045.00,6823228,2348,6,D,3046.00,2907.00
Khoozestan.CE.,20170822,2912.00,2914.00,2907.00,3046.00,28518831,9799,11,D,3051.00,2908.00
Khoozestan.CE.,20170821,2904.00,3070.00,2904.00,3051.00,24828536,8519,7,D,3056.00,2911.00
Khoozestan.CE.,20170820,2950.00,2960.00,2950.00,3056.00,134638000,45623,9,D,3078.00,2950.00
Khoozestan.CE.,20170819,2978.00,3080.00,2944.00,3078.00,121213505,40780,13,D,3098.00,3080.00
Khoozestan.CE.,20170816,2980.00,2980.00,2978.00,3098.00,48079854,16143,4,D,3106.00,2978.00
Khoozestan.CE.,20170815,2979.00,2979.00,2978.00,3106.00,47649000,16000,8,D,3114.00,2978.00
Khoozestan.CE.,20170814,3111.00,3111.00,2982.00,3114.00,19960901,6570,7,D,3116.00,2983.00
Khoozestan.CE.,20170813,3060.00,3060.00,3022.00,3116.00,379885900,124763,16,D,3181.00,3022.00
Khoozestan.CE.,20170812,3100.00,3102.00,3063.00,3181.00,210730502,68387,32,D,3216.00,3080.00
Khoozestan.CE.,20170809,3100.00,3190.00,3100.00,3216.00,97136621,31190,15,D,3230.00,3100.00
Khoozestan.CE.,20170808,3159.00,3200.00,3159.00,3230.00,71660300,22400,4,D,3233.00,3200.00
Khoozestan.CE.,20170807,3159.00,3159.00,3159.00,3233.00,1010880,320,1,D,3233.00,3159.00
Khoozestan.CE.,20170806,3159.00,3188.00,3159.00,3233.00,137657674,43486,15,D,3247.00,3170.00
Khoozestan.CE.,20170802,3195.00,3220.00,3159.00,3247.00,62568095,19555,14,D,3251.00,3220.00
Khoozestan.CE.,20170801,3190.00,3279.00,3188.00,3251.00,1010215417,310787,35,D,3314.00,3200.00
Khoozestan.CE.,20170731,3250.00,3400.00,3190.00,3314.00,1011574782,305262,42,D,3291.00,3250.00
Khoozestan.CE.,20170730,3186.00,3298.00,3186.00,3291.00,8897544,2724,3,D,3291.00,3298.00
Khoozestan.CE.,20170729,3220.00,3349.00,3186.00,3291.00,221309435,67255,24,D,3291.00,3186.00
Khoozestan.CE.,20170726,3200.00,3299.00,3200.00,3291.00,255775130,78077,18,D,3298.00,3243.00
Khoozestan.CE.,20170725,3201.00,3201.00,3159.00,3298.00,163361585,51125,17,D,3323.00,3200.00
Khoozestan.CE.,20170724,3289.00,3373.00,3202.00,3323.00,2804258504,843945,121,D,3246.00,3202.00
Khoozestan.CE.,20170723,3200.00,3300.00,3192.00,3246.00,3386540897,1043267,105,D,3228.00,3249.00
Khoozestan.CE.,20170722,3287.00,3299.00,3210.00,3228.00,313910232,96039,25,D,3204.00,3250.00
Khoozestan.CE.,20170719,3063.00,3280.00,3063.00,3204.00,141314901,43472,16,D,3195.00,3280.00
Khoozestan.CE.,20170718,3100.00,3100.00,3100.00,3195.00,1240000,400,1,D,3195.00,3100.00
Khoozestan.CE.,20170717,3064.00,3069.00,3064.00,3195.00,8432900,2750,5,D,3196.00,3069.00
Khoozestan.CE.,20170716,3120.00,3270.00,3060.00,3196.00,142903300,46327,17,D,3220.00,3077.00
Khoozestan.CE.,20170715,3112.00,3112.00,3112.00,3220.00,902480,290,1,D,3220.00,3112.00
Khoozestan.CE.,20170712,3095.00,3200.00,3090.00,3220.00,89685100,28700,13,D,3232.00,3109.00
Khoozestan.CE.,20170711,3080.00,3270.00,3080.00,3232.00,135365200,42500,18,D,3241.00,3185.00
Khoozestan.CE.,20170710,2978.00,3250.00,2978.00,3241.00,4031964068,1244081,95,D,3096.00,3250.00
Khoozestan.CE.,20170709,2983.00,3095.00,2983.00,3096.00,40650542,13250,8,D,3098.00,3001.00
Khoozestan.CE.,20170708,3070.00,3070.00,3070.00,3098.00,3070000,1000,2,D,3098.00,3070.00
Khoozestan.CE.,20170705,2980.00,3089.00,2978.00,3098.00,95063760,31901,13,D,3115.00,3089.00
Khoozestan.CE.,20170704,3099.00,3099.00,3000.00,3115.00,122870078,40460,10,D,3129.00,3000.00
Khoozestan.CE.,20170703,3010.00,3099.00,3000.00,3129.00,20029089,6651,10,D,3132.00,3001.00
Khoozestan.CE.,20170702,3010.00,3120.00,3010.00,3132.00,5724390,1889,3,D,3133.00,3010.00
Khoozestan.CE.,20170625,3100.00,3150.00,3001.00,3133.00,1717094543,548015,35,D,3046.00,3139.00
Khoozestan.CE.,20170624,3000.00,3000.00,3000.00,3046.00,420420000,140140,6,D,3099.00,3000.00
Khoozestan.CE.,20170621,2990.00,2990.00,2985.00,3099.00,5491165,1839,3,D,3100.00,2985.00
Khoozestan.CE.,20170620,3097.00,3100.00,3097.00,3100.00,1278082550,412309,33,D,3048.00,3100.00
Khoozestan.CE.,20170619,3049.00,3060.00,3048.00,3048.00,612632616,200773,19,D,3035.00,3060.00
Khoozestan.CE.,20170618,2979.00,3039.00,2957.00,3035.00,342198028,114956,16,D,3081.00,2957.00
Khoozestan.CE.,20170617,2979.00,3060.00,2978.00,3081.00,304125845,99635,22,D,3098.00,3060.00
Khoozestan.CE.,20170614,3095.00,3095.00,3001.00,3098.00,66883711,22235,11,D,3106.00,3002.00
Khoozestan.CE.,20170613,2978.00,3100.00,2978.00,3106.00,12148994,4059,6,D,3108.00,3100.00
Khoozestan.CE.,20170612,3110.00,3140.00,2990.00,3108.00,184957425,59400,10,D,3106.00,2994.00
Khoozestan.CE.,20170611,2981.00,2990.00,2977.00,3106.00,31298700,10500,11,D,3111.00,2977.00
Khoozestan.CE.,20170610,3002.00,3128.00,3000.00,3111.00,104338000,33500,9,D,3110.00,3128.00
Khoozestan.CE.,20170607,3090.00,3099.00,3000.00,3110.00,179046800,58000,9,D,3116.00,3010.00
Khoozestan.CE.,20170606,2996.00,3119.00,2996.00,3116.00,343594560,110909,15,D,3129.00,3010.00
Khoozestan.CE.,20170603,3041.00,3140.00,3041.00,3129.00,16742935,5495,8,D,3131.00,3041.00
Khoozestan.CE.,20170531,3081.00,3140.00,3081.00,3131.00,99837086,32001,6,D,3133.00,3089.00
Khoozestan.CE.,20170530,3150.00,3175.00,3100.00,3133.00,265071950,84618,38,D,3185.00,3150.00
Khoozestan.CE.,20170523,3071.00,3238.00,3002.00,3215.00,5619453172,1747913,192,D,3084.00,3238.00
Khoozestan.CE.,20170522,3000.00,3143.00,3000.00,3084.00,230658150,74088,21,D,3073.00,3081.00
Khoozestan.CE.,20170521,3154.00,3160.00,2962.00,3073.00,580079414,189580,51,D,3107.00,3120.00
Khoozestan.CE.,20170520,3163.00,3163.00,3045.00,3107.00,98547560,31980,14,D,3111.00,3061.00
Khoozestan.CE.,20170517,3120.00,3179.00,3000.00,3111.00,2355327701,756978,96,D,3151.00,3149.00
Khoozestan.CE.,20170516,3104.00,3199.00,3104.00,3151.00,26015700,8310,7,D,3152.00,3190.00
Khoozestan.CE.,20170515,3100.00,3220.00,3100.00,3152.00,363674932,114553,32,D,3134.00,3220.00
Khoozestan.CE.,20170514,3153.00,3297.00,3090.00,3134.00,660001132,212425,42,D,3252.00,3103.00
Khoozestan.CE.,20170513,3255.00,3255.00,3200.00,3252.00,6683254899,2055059,217,D,3100.00,3200.00
Khoozestan.CE.,20170510,3089.00,3150.00,3000.00,3100.00,55198723686,17806272,1274,D,3000.00,3150.00
Khoozestan.CE.,20170509,3000.00,3000.00,2970.00,3000.00,19502982000,6501000,133,D,2999.00,3000.00
Khoozestan.CE.,20170508,3000.00,3089.00,2957.00,2999.00,212709383,69883,29,D,2983.00,3000.00
Khoozestan.CE.,20170507,2958.00,3000.00,2955.00,2983.00,243902560,82314,21,D,2992.00,2959.00
Khoozestan.CE.,20170506,2974.00,2974.00,2960.00,2992.00,325640883,109674,24,D,3009.00,2961.00
Khoozestan.CE.,20170503,2956.00,3064.00,2956.00,3009.00,196411022,65064,18,D,3006.00,3064.00
Khoozestan.CE.,20170502,3002.00,3080.00,2936.00,3006.00,600328083,200824,37,D,3063.00,3080.00
Khoozestan.CE.,20170501,3000.00,3019.00,3000.00,3063.00,197759903,65871,18,D,3084.00,3002.00
Khoozestan.CE.,20170430,3003.00,3011.00,3000.00,3084.00,54444545,18129,10,D,3090.00,3010.00
Khoozestan.CE.,20170429,3025.00,3100.00,3002.00,3090.00,21871610,7240,6,D,3092.00,3100.00
Khoozestan.CE.,20170426,3179.00,3179.00,3080.00,3092.00,201555245,65300,23,D,3094.00,3080.00
Khoozestan.CE.,20170424,3002.00,3178.00,3002.00,3094.00,463422854,147329,47,D,3027.00,3167.00
Khoozestan.CE.,20170423,2981.00,3033.00,2981.00,3027.00,197115539,65191,21,D,3028.00,3020.00
Khoozestan.CE.,20170422,3000.00,3006.00,2980.00,3028.00,269369697,89901,27,D,3045.00,2981.00
Khoozestan.CE.,20170419,3100.00,3100.00,3000.00,3045.00,280807950,93449,12,D,3068.00,3000.00
Khoozestan.CE.,20170418,3016.00,3020.00,3016.00,3068.00,13283668,4400,9,D,3069.00,3018.00
Khoozestan.CE.,20170417,3011.00,3089.00,3011.00,3069.00,161864346,53047,18,D,3073.00,3089.00
Khoozestan.CE.,20170416,3140.00,3140.00,3030.00,3073.00,49163830,16001,9,D,3073.00,3061.00
Khoozestan.CE.,20170415,3080.00,3099.00,3050.00,3073.00,287523770,93559,34,D,3073.00,3053.00
Khoozestan.CE.,20170412,3150.00,3184.00,3025.00,3073.00,973022822,316617,64,D,3184.00,3097.00
Khoozestan.CE.,20170410,3113.00,3298.00,3112.00,3184.00,685929927,216543,50,D,3264.00,3140.00
Khoozestan.CE.,20170409,3332.00,3332.00,3175.00,3264.00,60029042,18483,8,D,3265.00,3175.00
Khoozestan.CE.,20170408,3189.00,3306.00,3189.00,3265.00,1466517566,449209,82,D,3149.00,3306.00
Khoozestan.CE.,20170405,3157.00,3157.00,3060.00,3149.00,818688321,259963,59,D,3007.00,3157.00
Khoozestan.CE.,20170404,2951.00,3090.00,2951.00,3007.00,118209736,38578,18,D,2997.00,3081.00
Khoozestan.CE.,20170403,2930.00,3090.00,2930.00,2997.00,188727883,63694,27,D,3008.00,2951.00
Khoozestan.CE.,20170329,2960.00,2980.00,2931.00,3008.00,175019185,59624,13,D,3030.00,2980.00
Khoozestan.CE.,20170328,2982.00,2988.00,2940.00,3030.00,362068078,122400,30,D,3094.00,2940.00
Khoozestan.CE.,20170327,3007.00,3050.00,2993.00,3094.00,93080698,31005,15,D,3106.00,3000.00
Khoozestan.CE.,20170326,3000.00,3049.00,3000.00,3106.00,34117210,11335,9,D,3110.00,3049.00
Khoozestan.CE.,20170325,2976.00,3000.00,2976.00,3110.00,14092277,4710,8,D,3112.00,3000.00
Khoozestan.CE.,20170318,3005.00,3005.00,3000.00,3112.00,60008900,20000,6,D,3121.00,3000.00
Khoozestan.CE.,20170315,3120.00,3186.00,3120.00,3121.00,135643485,42898,12,D,3113.00,3170.00
Khoozestan.CE.,20170314,3075.00,3095.00,3070.00,3113.00,84756210,27444,10,D,3116.00,3090.00
Khoozestan.CE.,20170313,2935.00,3148.00,2950.00,3116.00,3960534390,1271053,90,D,3006.00,3146.00
Khoozestan.CE.,20170312,2861.00,3077.00,2861.00,3006.00,54830704,18339,15,D,3007.00,2906.00
Khoozestan.CE.,20170311,2956.00,2985.00,2956.00,3007.00,516484860,174685,32,D,3111.00,2956.00
Khoozestan.CE.,20170308,2976.00,2976.00,2976.00,3111.00,2934336,986,2,D,3112.00,2976.00
Khoozestan.CE.,20170307,3054.00,3098.00,3036.00,3112.00,457079885,149800,37,D,3195.00,3036.00
Khoozestan.CE.,20170306,3061.00,3100.00,3053.00,3195.00,96240578,31402,22,D,3213.00,3090.00
Khoozestan.CE.,20170305,3061.00,3195.00,3061.00,3213.00,90458703,28826,20,D,3222.00,3189.00
Khoozestan.CE.,20170304,3201.00,3201.00,3201.00,3222.00,9603000,3000,2,D,3222.00,3201.00
Khoozestan.CE.,20170301,3295.00,3295.00,3153.00,3222.00,394312761,120600,29,D,3180.00,3180.00
Khoozestan.CE.,20170228,3100.00,3181.00,3040.00,3180.00,3411324540,1072783,107,D,3030.00,3181.00
Khoozestan.CE.,20170227,2976.00,3138.00,2976.00,3030.00,339308694,110525,56,D,3000.00,3138.00
Khoozestan.CE.,20170226,2900.00,3045.00,2900.00,3000.00,3328224377,1109469,226,D,2702.00,3040.00
Khoozestan.CE.,20170218,2682.00,2800.00,2682.00,2702.00,256541077,93358,44,D,2677.00,2782.00
Khoozestan.CE.,20170215,2677.00,2688.00,2602.00,2677.00,51649470,19700,8,D,2682.00,2602.00
Khoozestan.CE.,20170214,2602.00,2602.00,2602.00,2682.00,2341800,900,1,D,2682.00,2602.00
Khoozestan.CE.,20170213,2602.00,2602.00,2602.00,2682.00,2081600,800,1,D,2682.00,2602.00
Khoozestan.CE.,20170212,2565.00,2601.00,2565.00,2682.00,9787800,3800,5,D,2684.00,2601.00
Khoozestan.CE.,20170211,2699.00,2699.00,2580.00,2684.00,27045270,10300,12,D,2686.00,2699.00
Khoozestan.CE.,20170208,2546.00,2770.00,2546.00,2686.00,170467173,62931,10,D,2679.00,2700.00
Khoozestan.CE.,20170207,2600.00,2692.00,2561.00,2679.00,46317261,17935,9,D,2686.00,2620.00
Khoozestan.CE.,20170206,2573.00,2606.00,2573.00,2686.00,138476897,53225,13,D,2708.00,2603.00
Khoozestan.CE.,20170205,2615.00,2620.00,2593.00,2708.00,98254345,37575,20,D,2724.00,2596.00
Khoozestan.CE.,20170204,2600.00,2800.00,2600.00,2724.00,15027708,5453,10,D,2723.00,2770.00
Khoozestan.CE.,20170201,2680.00,2740.00,2671.00,2723.00,23364987,8718,7,D,2725.00,2671.00
Khoozestan.CE.,20170131,2800.00,2800.00,2800.00,2725.00,106593200,38069,4,D,2712.00,2800.00
Khoozestan.CE.,20170130,2680.00,2790.00,2680.00,2712.00,183590594,66601,35,D,2697.00,2790.00
Khoozestan.CE.,20170129,2765.00,2770.00,2680.00,2697.00,95466170,34756,20,D,2689.00,2680.00
Khoozestan.CE.,20170128,2655.00,2774.00,2655.00,2689.00,128305329,47036,46,D,2681.00,2760.00
Khoozestan.CE.,20170125,2600.00,2610.00,2590.00,2681.00,40839000,15700,10,D,2686.00,2602.00
Khoozestan.CE.,20170124,2655.00,2655.00,2650.00,2686.00,68292195,25750,10,D,2690.00,2650.00
Khoozestan.CE.,20170123,2675.00,2752.00,2675.00,2690.00,240966246,88647,37,D,2676.00,2700.00
Khoozestan.CE.,20170122,2576.00,2660.00,2575.00,2676.00,66663894,25490,18,D,2683.00,2660.00
Khoozestan.CE.,20170121,2575.00,2585.00,2575.00,2683.00,9304440,3604,6,D,2684.00,2585.00
Khoozestan.CE.,20170118,2715.00,2780.00,2633.00,2684.00,36311520,13495,12,D,2684.00,2670.00
Khoozestan.CE.,20170117,2552.00,2750.00,2552.00,2684.00,119788475,44786,22,D,2686.00,2750.00
Khoozestan.CE.,20170116,2640.00,2640.00,2590.00,2686.00,129043643,49676,17,D,2707.00,2590.00
Khoozestan.CE.,20170115,2562.00,2794.00,2562.00,2707.00,143347180,52000,13,D,2695.00,2794.00
Khoozestan.CE.,20170114,2683.00,2683.00,2567.00,2695.00,39869435,15427,15,D,2702.00,2569.00
Khoozestan.CE.,20170111,2600.00,2600.00,2600.00,2702.00,78000000,30000,4,D,2715.00,2600.00
Khoozestan.CE.,20170109,2587.00,2590.00,2587.00,2715.00,39061986,15097,13,D,2723.00,2587.00
Khoozestan.CE.,20170108,2700.00,2790.00,2651.00,2723.00,413834108,150316,43,D,2681.00,2651.00
Khoozestan.CE.,20170107,2621.00,2782.00,2621.00,2681.00,42429700,15780,9,D,2681.00,2782.00
Khoozestan.CE.,20170104,2548.00,2548.00,2548.00,2681.00,3883152,1524,5,D,2682.00,2548.00
Khoozestan.CE.,20170103,2548.00,2548.00,2548.00,2682.00,1274000,500,1,D,2682.00,2548.00
Khoozestan.CE.,20170102,2555.00,2555.00,2555.00,2682.00,2044000,800,1,D,2682.00,2555.00
Khoozestan.CE.,20170101,2555.00,2560.00,2555.00,2682.00,35698364,13950,5,D,2689.00,2556.00
Khoozestan.CE.,20161231,2562.00,2563.00,2562.00,2689.00,34750610,13560,15,D,2696.00,2562.00
Khoozestan.CE.,20161228,2566.00,2568.00,2566.00,2696.00,17449004,6799,6,D,2699.00,2568.00
Khoozestan.CE.,20161227,2587.00,2587.00,2574.00,2699.00,40325825,15639,15,D,2707.00,2574.00
Khoozestan.CE.,20161226,2601.00,2606.00,2600.00,2707.00,50817634,19539,11,D,2716.00,2606.00
Khoozestan.CE.,20161225,2600.00,2771.00,2600.00,2716.00,60500650,22444,16,D,2718.00,2606.00
Khoozestan.CE.,20161224,2616.00,2616.00,2591.00,2718.00,13962712,5370,6,D,2720.00,2600.00
Khoozestan.CE.,20161221,2637.00,2700.00,2637.00,2720.00,288122761,109010,20,D,2775.00,2638.00
Khoozestan.CE.,20161220,2666.00,2666.00,2649.00,2775.00,66873423,25170,10,D,2788.00,2649.00
Khoozestan.CE.,20161219,2666.00,2666.00,2666.00,2788.00,86890272,32592,19,D,2806.00,2666.00
Khoozestan.CE.,20161218,2704.00,2740.00,2688.00,2806.00,111688964,41291,32,D,2825.00,2688.00
Khoozestan.CE.,20161214,2770.00,2778.00,2704.00,2825.00,68369772,24941,13,D,2834.00,2704.00
Khoozestan.CE.,20161213,2800.00,2900.00,2780.00,2834.00,174507068,61697,26,D,2836.00,2780.00
Khoozestan.CE.,20161212,2836.00,2889.00,2780.00,2836.00,46082570369,16249149,6,D,2836.00,2781.00
Khoozestan.CE.,20161211,2778.00,2865.00,2776.00,2836.00,8678600,3100,6,D,2836.00,2865.00
Khoozestan.CE.,20161210,2800.00,2916.00,2800.00,2836.00,360747520,124425,40,D,2778.00,2805.00
Khoozestan.CE.,20161207,2869.00,2900.00,2711.00,2778.00,611688898,221106,56,D,2842.00,2800.00
Khoozestan.CE.,20161206,2780.00,2800.00,2774.00,2842.00,390308947,140589,49,D,2919.00,2778.00
Khoozestan.CE.,20161205,2862.00,2863.00,2806.00,2919.00,199956710,70714,26,D,2953.00,2806.00
Khoozestan.CE.,20161204,2900.00,2925.00,2870.00,2953.00,36248109,12527,21,D,2956.00,2875.00
Khoozestan.CE.,20161203,3053.00,3053.00,2871.00,2956.00,501700882,171680,48,D,3022.00,2940.00
Khoozestan.CE.,20161129,2910.00,3054.00,2880.00,3022.00,934249356,309139,80,D,2909.00,3050.00
Khoozestan.CE.,20161127,2914.00,2915.00,2800.00,2909.00,2222036131,763898,150,D,2777.00,2915.00
Khoozestan.CE.,20161126,2846.00,2846.00,2846.00,2777.00,360494282,126667,28,D,2711.00,2846.00
Khoozestan.CE.,20161123,2807.00,2807.00,2807.00,2711.00,203866796,72628,35,D,2674.00,2807.00
Khoozestan.CE.,20161122,2610.00,2745.00,2610.00,2674.00,407444006,149936,39,D,2615.00,2745.00
Khoozestan.CE.,20161121,2635.00,2641.00,2591.00,2615.00,895705729,342552,73,D,2725.00,2605.00
Khoozestan.CE.,20161119,2819.00,2819.00,2670.00,2725.00,1449512197,532007,108,D,2758.00,2700.00
Khoozestan.CE.,20161116,2700.00,2817.00,2700.00,2758.00,1076459508,390339,106,D,2684.00,2770.00
Khoozestan.CE.,20161115,2600.00,2705.00,2600.00,2684.00,3696435411,1377290,175,D,2577.00,2705.00
Khoozestan.CE.,20161114,2526.00,2620.00,2526.00,2577.00,2199036446,853213,173,D,2318.00,2620.00
Khoozestan.CE.,20161019,2231.00,2320.00,2226.00,2318.00,161872086,71821,34,D,2343.00,2255.00
Khoozestan.CE.,20161018,2420.00,2420.00,2251.00,2343.00,415572258,176359,30,D,2314.00,2272.00
Khoozestan.CE.,20161017,2299.00,2317.00,2266.00,2314.00,980825584,423876,107,D,2207.00,2317.00
Khoozestan.CE.,20161016,2168.00,2300.00,2168.00,2207.00,852246873,386139,66,D,2212.00,2300.00
Khoozestan.CE.,20161015,2150.00,2166.00,2150.00,2212.00,30147040,14008,5,D,2215.00,2166.00
Khoozestan.CE.,20161010,2275.00,2275.00,2200.00,2215.00,208286194,92508,25,D,2195.00,2200.00
Khoozestan.CE.,20161009,2140.00,2140.00,2140.00,2195.00,4280000,2000,1,D,2195.00,2140.00
Khoozestan.CE.,20161008,2155.00,2170.00,2134.00,2195.00,99678223,46348,19,D,2205.00,2134.00
Khoozestan.CE.,20161005,2220.00,2249.00,2165.00,2205.00,337539008,153660,32,D,2218.00,2190.00
Khoozestan.CE.,20161004,2279.00,2280.00,2190.00,2218.00,344305312,154863,39,D,2209.00,2264.00
Khoozestan.CE.,20161003,2203.00,2280.00,2200.00,2209.00,259371035,116337,53,D,2192.00,2215.00
Khoozestan.CE.,20161002,2140.00,2248.00,2130.00,2192.00,211129402,97770,31,D,2211.00,2134.00
Khoozestan.CE.,20161001,2180.00,2198.00,2148.00,2211.00,290986710,134461,52,D,2261.00,2151.00
Khoozestan.CE.,20160928,2221.00,2250.00,2174.00,2261.00,28577596,12950,17,D,2264.00,2175.00
Khoozestan.CE.,20160927,2174.00,2250.00,2174.00,2264.00,105290174,47219,11,D,2271.00,2220.00
Khoozestan.CE.,20160926,2171.00,2285.00,2171.00,2271.00,652763874,287491,95,D,2177.00,2279.00
Khoozestan.CE.,20160925,2150.00,2170.00,2101.00,2177.00,29910760,14068,13,D,2180.00,2103.00
Khoozestan.CE.,20160924,2112.00,2116.00,2110.00,2180.00,4818590,2280,6,D,2181.00,2116.00
Khoozestan.CE.,20160921,2106.00,2150.00,2106.00,2181.00,81302305,38352,15,D,2192.00,2115.00
Khoozestan.CE.,20160919,2107.00,2118.00,2107.00,2192.00,37927498,17960,12,D,2198.00,2108.00
Khoozestan.CE.,20160918,2151.00,2151.00,2150.00,2198.00,6450556,3000,4,D,2199.00,2150.00
Khoozestan.CE.,20160917,2122.00,2156.00,2122.00,2199.00,20501300,9522,9,D,2201.00,2150.00
Khoozestan.CE.,20160914,2084.00,2250.00,2084.00,2201.00,340492041,152932,28,D,2164.00,2240.00
Khoozestan.CE.,20160913,2170.00,2251.00,2156.00,2164.00,65420921,29666,9,D,2159.00,2200.00
Khoozestan.CE.,20160911,2121.00,2122.00,2120.00,2159.00,7423260,3500,4,D,2160.00,2121.00
Khoozestan.CE.,20160910,2100.00,2110.00,2100.00,2160.00,46414800,22098,19,D,2166.00,2100.00
Khoozestan.CE.,20160907,2211.00,2211.00,2136.00,2166.00,6537179,2989,7,D,2166.00,2136.00
Khoozestan.CE.,20160906,2036.00,2231.00,2036.00,2166.00,264117516,119229,58,D,2125.00,2200.00
Khoozestan.CE.,20160905,2040.00,2079.00,2040.00,2125.00,16336154,7938,10,D,2127.00,2079.00
Khoozestan.CE.,20160904,2040.00,2040.00,2040.00,2127.00,10200000,5000,1,D,2129.00,2040.00
Khoozestan.CE.,20160903,2100.00,2100.00,2044.00,2129.00,64716596,31406,9,D,2138.00,2044.00
Khoozestan.CE.,20160831,2091.00,2091.00,2050.00,2138.00,30209100,14492,7,D,2141.00,2050.00
Khoozestan.CE.,20160830,2092.00,2130.00,2092.00,2141.00,40309605,19170,11,D,2144.00,2096.00
Khoozestan.CE.,20160829,2128.00,2150.00,2101.00,2144.00,23453510,11090,10,D,2145.00,2150.00
Khoozestan.CE.,20160828,2120.00,2120.00,2101.00,2145.00,94722000,45000,7,D,2153.00,2103.00
Khoozestan.CE.,20160827,2104.00,2104.00,2102.00,2153.00,35327095,16800,9,D,2157.00,2102.00
Khoozestan.CE.,20160824,2101.00,2148.00,2101.00,2157.00,42807039,20282,12,D,2161.00,2148.00
Khoozestan.CE.,20160823,2170.00,2170.00,2091.00,2161.00,101667912,48238,11,D,2173.00,2100.00
Khoozestan.CE.,20160822,2103.00,2107.00,2100.00,2173.00,124421140,59153,16,D,2194.00,2104.00
Khoozestan.CE.,20160821,2130.00,2130.00,2126.00,2194.00,36267100,17030,6,D,2199.00,2126.00
Khoozestan.CE.,20160820,2248.00,2248.00,2128.00,2199.00,265194939,123097,32,D,2239.00,2128.00
Khoozestan.CE.,20160817,2193.00,2193.00,2187.00,2239.00,30228287,13797,7,D,2242.00,2192.00
Khoozestan.CE.,20160816,2183.00,2288.00,2183.00,2242.00,128359061,58448,14,D,2255.00,2194.00
Khoozestan.CE.,20160815,2183.00,2183.00,2180.00,2255.00,28350500,13000,4,D,2259.00,2180.00
Khoozestan.CE.,20160814,2181.00,2270.00,2181.00,2259.00,9783700,4380,8,D,2259.00,2230.00
Khoozestan.CE.,20160813,2212.00,2213.00,2212.00,2259.00,17256600,7800,8,D,2260.00,2212.00
Khoozestan.CE.,20160810,2273.00,2299.00,2215.00,2260.00,175299154,76923,16,D,2252.00,2216.00
Khoozestan.CE.,20160809,2252.00,2260.00,2172.00,2252.00,21793620,9697,4,D,2252.00,2172.00
Khoozestan.CE.,20160807,2250.00,2317.00,2250.00,2252.00,67525804,29794,15,D,2250.00,2254.00
Khoozestan.CE.,20160806,2275.00,2308.00,2155.00,2250.00,333865530,145770,34,D,2199.00,2302.00
Khoozestan.CE.,20160803,2249.00,2210.00,2200.00,2199.00,7721000,3500,3,D,2199.00,2201.00
Khoozestan.CE.,20160802,2135.00,2180.00,2135.00,2199.00,34724988,16070,14,D,2202.00,2180.00
Khoozestan.CE.,20160801,2160.00,2170.00,2160.00,2202.00,63594480,29400,10,D,2207.00,2162.00
Khoozestan.CE.,20160731,2152.00,2280.00,2152.00,2207.00,31037208,13928,16,D,2206.00,2167.00
Khoozestan.CE.,20160720,2233.00,2269.00,2233.00,2206.00,297993519,132466,30,D,2161.00,2269.00
Khoozestan.CE.,20160719,2201.00,2201.00,2146.00,2161.00,886593990,410218,80,D,2258.00,2197.00
Khoozestan.CE.,20160718,2210.00,2290.00,2210.00,2258.00,298685900,134000,7,D,2288.00,2210.00
Khoozestan.CE.,20160717,2225.00,2290.00,2225.00,2288.00,194585126,87051,22,D,2315.00,2230.00
Khoozestan.CE.,20160716,2229.00,2300.00,2225.00,2315.00,147986927,66220,22,D,2342.00,2227.00
Khoozestan.CE.,20160713,2270.00,2270.00,2258.00,2342.00,170267200,75400,23,D,2376.00,2258.00
Khoozestan.CE.,20160712,2294.00,2294.00,2271.00,2376.00,71689702,31506,16,D,2390.00,2271.00
Khoozestan.CE.,20160711,2321.00,2321.00,2300.00,2390.00,42761550,18457,15,D,2396.00,2300.00
Khoozestan.CE.,20160710,2395.00,2395.00,2302.00,2396.00,33588096,14448,17,D,2400.00,2370.00
Khoozestan.CE.,20160709,2306.00,2306.00,2301.00,2400.00,4100780,1780,2,D,2401.00,2301.00
Khoozestan.CE.,20160705,2405.00,2405.00,2305.00,2401.00,700277414,291695,70,D,2291.00,2305.00
Khoozestan.CE.,20160704,2211.00,2348.00,2211.00,2291.00,330080584,141258,25,D,2237.00,2348.00
Khoozestan.CE.,20160703,2236.00,2278.00,2200.00,2237.00,47536199,21200,17,D,2236.00,2278.00
Khoozestan.CE.,20160702,2220.00,2280.00,2190.00,2236.00,410928942,186034,52,D,2305.00,2190.00
Khoozestan.CE.,20160629,2390.00,2390.00,2282.00,2305.00,282355120,120795,18,D,2277.00,2282.00
Khoozestan.CE.,20160628,2250.00,2256.00,2250.00,2277.00,71985372,31971,24,D,2280.00,2251.00
Khoozestan.CE.,20160626,2191.00,2225.00,2190.00,2280.00,22322157,10080,9,D,2283.00,2225.00
Khoozestan.CE.,20160625,2300.00,2302.00,2258.00,2283.00,474961474,210119,39,D,2376.00,2258.00
Khoozestan.CE.,20160622,2306.00,2430.00,2306.00,2376.00,29696528,12272,11,D,2374.00,2400.00
Khoozestan.CE.,20160621,2286.00,2286.00,2284.00,2374.00,148803048,65148,18,D,2404.00,2284.00
Khoozestan.CE.,20160620,2400.00,2400.00,2305.00,2404.00,116032985,50225,20,D,2426.00,2305.00
Khoozestan.CE.,20160619,2340.00,2341.00,2320.00,2426.00,52864775,22654,25,D,2435.00,2320.00
Khoozestan.CE.,20160618,2420.00,2420.00,2330.00,2435.00,29693945,12514,11,D,2438.00,2338.00
Khoozestan.CE.,20160615,2371.00,2420.00,2370.00,2438.00,282556925,119184,49,D,2494.00,2375.00
Khoozestan.CE.,20160614,2395.00,2395.00,2381.00,2494.00,61769320,25870,17,D,2506.00,2383.00
Khoozestan.CE.,20160613,2490.00,2490.00,2394.00,2506.00,7049190,2901,7,D,2507.00,2490.00
Khoozestan.CE.,20160612,2416.00,2416.00,2393.00,2507.00,59555783,24763,21,D,2518.00,2401.00
Khoozestan.CE.,20160611,2430.00,2432.00,2415.00,2518.00,7585375,3125,5,D,2519.00,2415.00
Khoozestan.CE.,20160608,2434.00,2480.00,2432.00,2519.00,26560132,10914,21,D,2523.00,2433.00
Khoozestan.CE.,20160607,2530.00,2530.00,2434.00,2523.00,9928486,4000,3,D,2524.00,2434.00
Khoozestan.CE.,20160606,2432.00,2530.00,2432.00,2524.00,10568328,4304,8,D,2525.00,2530.00
Khoozestan.CE.,20160605,2431.00,2530.00,2431.00,2525.00,43959357,18025,19,D,2531.00,2530.00
Khoozestan.CE.,20160601,2549.00,2550.00,2470.00,2531.00,168101530,66714,18,D,2535.00,2470.00
Khoozestan.CE.,20160531,2507.00,2520.00,2504.00,2535.00,168528160,67066,15,D,2543.00,2520.00
Khoozestan.CE.,20160530,2600.00,2600.00,2516.00,2543.00,227459824,89802,14,D,2549.00,2530.00
Khoozestan.CE.,20160529,2435.00,2600.00,2435.00,2549.00,75714050,29661,15,D,2549.00,2530.00
Khoozestan.CE.,20160528,2547.00,2553.00,2547.00,2549.00,145033412,56900,15,D,2493.00,2550.00
Khoozestan.CE.,20160518,3149.00,3150.00,3052.00,3108.00,254186343,82398,49,D,3119.00,3095.00
Khoozestan.CE.,20160517,3129.00,3129.00,3105.00,3119.00,241803798,77530,18,D,3097.00,3105.00
Khoozestan.CE.,20160514,3050.00,3140.00,3050.00,3097.00,72542567,23539,26,D,3099.00,3139.00
Khoozestan.CE.,20160511,3100.00,3147.00,3050.00,3099.00,923788787,298057,48,D,3098.00,3100.00
Khoozestan.CE.,20160510,3100.00,3101.00,3051.00,3098.00,485261600,156600,25,D,3096.00,3100.00
Khoozestan.CE.,20160509,3050.00,3144.00,3050.00,3096.00,170169706,55266,21,D,3100.00,3100.00
Khoozestan.CE.,20160508,3100.00,3110.00,3100.00,3100.00,337031173,108717,37,D,3100.00,3100.00
Khoozestan.CE.,20160507,3060.00,3101.00,3060.00,3100.00,279660520,90226,28,D,3100.00,3070.00
Khoozestan.CE.,20160504,3100.00,3120.00,3100.00,3100.00,529897970,170923,32,D,3099.00,3100.00
Khoozestan.CE.,20160503,3060.00,3120.00,3060.00,3099.00,1108885113,357825,59,D,3077.00,3103.00
Khoozestan.CE.,20160502,3102.00,3112.00,3000.00,3077.00,1662743815,540394,55,D,3120.00,3100.00
Khoozestan.CE.,20160501,3104.00,3230.00,3055.00,3120.00,731302366,234667,48,D,3155.00,3160.00
Khoozestan.CE.,20160430,3170.00,3200.00,3102.00,3155.00,34892502,11199,8,D,3157.00,3103.00
Khoozestan.CE.,20160427,3100.00,3170.00,3100.00,3157.00,109974289,35354,17,D,3164.00,3118.00
Khoozestan.CE.,20160426,3104.00,3180.00,3104.00,3164.00,95137940,30528,10,D,3170.00,3116.00
Khoozestan.CE.,20160425,3200.00,3200.00,3115.00,3170.00,150828470,47401,20,D,3167.00,3122.00
Khoozestan.CE.,20160424,3101.00,3204.00,3101.00,3167.00,161874846,50999,30,D,3165.00,3204.00
Khoozestan.CE.,20160423,3103.00,3190.00,3101.00,3165.00,170851942,54829,28,D,3178.00,3125.00
Khoozestan.CE.,20160420,3134.00,3240.00,3110.00,3178.00,226096686,72007,18,D,3192.00,3150.00
Khoozestan.CE.,20160419,3111.00,3298.00,3111.00,3192.00,180699415,56657,36,D,3193.00,3240.00
Khoozestan.CE.,20160418,3200.00,3281.00,3150.00,3193.00,467422160,143930,28,D,3125.00,3280.00
Khoozestan.CE.,20160417,3190.00,3190.00,3109.00,3125.00,16052182,5143,11,D,3125.00,3110.00
Khoozestan.CE.,20160416,3141.00,3145.00,3066.00,3125.00,757200578,242814,52,D,3223.00,3066.00
Khoozestan.CE.,20160413,3300.00,3349.00,3100.00,3223.00,397402213,124736,39,D,3258.00,3300.00
Khoozestan.CE.,20160412,3262.00,3300.00,3182.00,3258.00,681794409,210626,45,D,3346.00,3203.00
Khoozestan.CE.,20160411,3252.00,3293.00,3252.00,3346.00,413773581,125868,42,D,3401.00,3290.00
Khoozestan.CE.,20160410,3205.00,3520.00,3205.00,3401.00,1721404477,506075,115,D,3353.00,3339.00
Khoozestan.CE.,20160409,3380.00,3450.00,3351.00,3353.00,2777020782,828253,152,D,3527.00,3351.00
Khoozestan.CE.,20160406,3699.00,3699.00,3470.00,3527.00,5004515579,1419032,253,D,3652.00,3470.00
Khoozestan.CE.,20160405,3645.00,3658.00,3521.00,3652.00,4799294404,1314256,194,D,3484.00,3658.00
Khoozestan.CE.,20160404,3390.00,3498.00,3207.00,3484.00,6980281219,2003400,263,D,3332.00,3498.00
Khoozestan.CE.,20160403,3250.00,3385.00,3170.00,3332.00,855151792,256636,59,D,3286.00,3351.00
Khoozestan.CE.,20160402,3184.00,3198.00,3184.00,3286.00,105412132,33015,19,D,3300.00,3196.00
Khoozestan.CE.,20160330,3191.00,3379.00,3191.00,3300.00,594675515,179622,52,D,3275.00,3300.00
Khoozestan.CE.,20160329,3159.00,3200.00,3154.00,3275.00,257487509,80789,17,D,3314.00,3200.00
Khoozestan.CE.,20160328,3156.00,3390.00,3156.00,3314.00,286090297,86567,28,D,3319.00,3390.00
Khoozestan.CE.,20160327,3227.00,3350.00,3181.00,3319.00,366774570,111794,66,D,3348.00,3210.00
Khoozestan.CE.,20160326,3161.00,3449.00,3161.00,3348.00,2921044897,872351,114,D,3325.00,3300.00
Khoozestan.CE.,20160316,3203.00,3259.00,3183.00,3325.00,139776525,43670,26,D,3350.00,3258.00
Khoozestan.CE.,20160315,3356.00,3356.00,3266.00,3350.00,3891872686,1161735,169,D,3197.00,3356.00
Khoozestan.CE.,20160314,3030.00,3238.00,3001.00,3197.00,1273869651,398509,117,D,3084.00,3238.00
Khoozestan.CE.,20160312,3000.00,3101.00,2999.00,3084.00,1241116190,402477,75,D,2995.00,3100.00
Khoozestan.CE.,20160309,2990.00,3020.00,2990.00,2995.00,1148589980,383466,111,D,3026.00,2991.00
Khoozestan.CE.,20160308,3000.00,3067.00,2990.00,3026.00,409394670,136090,84,D,3046.00,3010.00
Khoozestan.CE.,20160307,3076.00,3101.00,3030.00,3046.00,692044806,226926,96,D,3021.00,3030.00
Khoozestan.CE.,20160306,2965.00,3054.00,2913.00,3021.00,827819138,273997,113,D,2909.00,3054.00
Khoozestan.CE.,20160305,2930.00,2969.00,2871.00,2909.00,413725774,142247,58,D,2909.00,2920.00
Khoozestan.CE.,20160302,2901.00,2930.00,2861.00,2909.00,632021707,217777,106,D,2943.00,2870.00
Khoozestan.CE.,20160301,2922.00,2923.00,2915.00,2943.00,359777905,123149,22,D,2963.00,2920.00
Khoozestan.CE.,20160229,2961.00,2961.00,2914.00,2963.00,121962146,41420,39,D,2967.00,2930.00
Khoozestan.CE.,20160228,2990.00,3050.00,2934.00,2967.00,254892355,85760,45,D,2965.00,2959.00
Khoozestan.CE.,20160227,2948.00,2970.00,2910.00,2965.00,483855191,163404,40,D,2971.00,2960.00
Khoozestan.CE.,20160224,2951.00,2969.00,2903.00,2971.00,289989773,99023,64,D,2997.00,2922.00
Khoozestan.CE.,20160223,3000.00,3030.00,2920.00,2997.00,220686485,73463,40,D,2994.00,3000.00
Khoozestan.CE.,20160222,3000.00,3050.00,2960.00,2994.00,432056374,144591,65,D,3001.00,3001.00
Khoozestan.CE.,20160221,3052.00,3180.00,2942.00,3001.00,1349439346,449725,110,D,3096.00,3180.00
Khoozestan.CE.,20160220,3070.00,3100.00,3053.00,3096.00,361161852,117019,49,D,3104.00,3053.00
Khoozestan.CE.,20160217,3080.00,3139.00,3080.00,3104.00,546052480,175940,100,D,3105.00,3083.00
Khoozestan.CE.,20160216,3170.00,3170.00,3081.00,3105.00,987527875,318005,67,D,3134.00,3092.00
Khoozestan.CE.,20160215,3150.00,3266.00,3120.00,3134.00,379435693,121059,41,D,3133.00,3135.00
Khoozestan.CE.,20160214,3120.00,3200.00,3080.00,3133.00,580573879,185802,49,D,3153.00,3150.00
Khoozestan.CE.,20160213,3120.00,3155.00,3120.00,3153.00,581854419,185699,45,D,3201.00,3155.00
Khoozestan.CE.,20160210,3300.00,3300.00,3147.00,3201.00,609636274,192694,77,D,3308.00,3180.00
Khoozestan.CE.,20160209,3231.00,3390.00,3200.00,3308.00,2262316514,683958,147,D,3262.00,3220.00
Khoozestan.CE.,20160208,3260.00,3349.00,3220.00,3262.00,1195549310,366541,143,D,3303.00,3232.00
Khoozestan.CE.,20160207,3348.00,3360.00,3266.00,3303.00,1181721572,357750,92,D,3322.00,3286.00
Khoozestan.CE.,20160206,3232.00,3378.00,3232.00,3322.00,623237521,187962,60,D,3338.00,3275.00
Khoozestan.CE.,20160203,3349.00,3384.00,3231.00,3338.00,830972974,248900,81,D,3314.00,3379.00
Khoozestan.CE.,20160202,3300.00,3321.00,3206.00,3314.00,3730510804,1125597,192,D,3163.00,3321.00
Khoozestan.CE.,20160201,3100.00,3164.00,3100.00,3163.00,880657338,278442,68,D,3014.00,3164.00
Khoozestan.CE.,20160131,3047.00,3080.00,2950.00,3014.00,714224433,237654,64,D,3105.00,3031.00
Khoozestan.CE.,20160130,3170.00,3170.00,3061.00,3105.00,408783606,132041,47,D,3115.00,3068.00
Khoozestan.CE.,20160127,3100.00,3200.00,3072.00,3115.00,1298404051,416793,149,D,3229.00,3086.00
Khoozestan.CE.,20160126,3250.00,3265.00,3161.00,3229.00,3832872729,1187124,241,D,3230.00,3233.00
Khoozestan.CE.,20160125,3251.00,3251.00,3180.00,3230.00,2739038167,847924,165,D,3027.00,3237.00
Khoozestan.CE.,20160120,3001.00,3099.00,3001.00,3027.00,725825845,240355,57,D,3112.00,3015.00
Khoozestan.CE.,20160119,3016.00,3100.00,3016.00,3112.00,145048735,47557,54,D,3126.00,3042.00
Khoozestan.CE.,20160118,3050.00,3050.00,3000.00,3126.00,112362210,37151,30,D,3143.00,3050.00
Khoozestan.CE.,20160117,3167.00,3230.00,3070.00,3143.00,361468272,115935,59,D,3163.00,3070.00
Khoozestan.CE.,20160116,3163.00,3163.00,3110.00,3163.00,1476075244,466688,114,D,3013.00,3163.00
Khoozestan.CE.,20160113,3000.00,3100.00,3000.00,3013.00,19941120674,6618587,333,D,3021.00,3100.00
Khoozestan.CE.,20160112,3001.00,3059.00,3000.00,3021.00,285352842,94721,41,D,3026.00,3011.00
Khoozestan.CE.,20160111,3002.00,3060.00,3000.00,3026.00,547713692,181889,40,D,3060.00,3003.00
Khoozestan.CE.,20160110,3010.00,3011.00,3002.00,3060.00,93767922,31171,22,D,3067.00,3006.00
Khoozestan.CE.,20160109,3000.00,3058.00,2970.00,3067.00,215425199,71804,31,D,3093.00,3000.00
Khoozestan.CE.,20160106,3094.00,3150.00,2965.00,3093.00,50393700,16377,15,D,3094.00,3017.00
Khoozestan.CE.,20160105,3091.00,3149.00,2962.00,3094.00,216510942,69791,37,D,3091.00,3050.00
Khoozestan.CE.,20160104,3092.00,3092.00,2926.00,3091.00,811490318,262534,64,D,2945.00,3090.00
Khoozestan.CE.,20160103,3009.00,3027.00,3009.00,2945.00,338275122,111766,46,D,2883.00,3027.00
Khoozestan.CE.,20160102,2850.00,2998.00,2850.00,2883.00,181953172,61239,24,D,2856.00,2998.00
Khoozestan.CE.,20151230,2865.00,2948.00,2865.00,2856.00,28781050,10020,11,D,2855.00,2948.00
Khoozestan.CE.,20151228,2850.00,2874.00,2850.00,2855.00,59348199,20749,13,D,2854.00,2865.00
Khoozestan.CE.,20151227,2874.00,2990.00,2821.00,2854.00,182982920,64022,27,D,2853.00,2851.00
Khoozestan.CE.,20151226,2774.00,2880.00,2774.00,2853.00,432382111,153887,58,D,2916.00,2804.00
Khoozestan.CE.,20151223,2861.00,2905.00,2861.00,2916.00,185843700,64700,13,D,2930.00,2867.00
Khoozestan.CE.,20151222,2905.00,2944.00,2904.00,2930.00,439326342,150835,26,D,2954.00,2904.00
Khoozestan.CE.,20151221,2906.00,2931.00,2906.00,2954.00,13088090,4490,5,D,2955.00,2931.00
Khoozestan.CE.,20151220,2912.00,2922.00,2906.00,2955.00,290971173,99952,21,D,2983.00,2920.00
Khoozestan.CE.,20151219,3075.00,3075.00,2960.00,2983.00,930390708,311880,59,D,3115.00,2960.00
Khoozestan.CE.,20151216,3100.00,3105.00,3077.00,3115.00,199639968,64459,20,D,3121.00,3083.00
Khoozestan.CE.,20151215,3100.00,3149.00,3084.00,3121.00,59790866,19230,15,D,3122.00,3100.00
Khoozestan.CE.,20151214,3108.00,3118.00,3077.00,3122.00,192641142,62173,41,D,3130.00,3118.00
Khoozestan.CE.,20151213,3109.00,3130.00,3109.00,3130.00,8026484,2574,4,D,3130.00,3130.00
Khoozestan.CE.,20151209,3120.00,3193.00,3120.00,3130.00,87945651,27904,21,D,3127.00,3132.00
Khoozestan.CE.,20151208,3110.00,3130.00,3110.00,3127.00,425921700,136436,21,D,3132.00,3120.00
Khoozestan.CE.,20151207,3116.00,3130.00,3110.00,3132.00,76663655,24609,21,D,3134.00,3125.00
Khoozestan.CE.,20151206,3130.00,3150.00,3113.00,3134.00,324704068,103840,23,D,3139.00,3130.00
Khoozestan.CE.,20151205,3150.00,3150.00,3130.00,3139.00,70834677,22564,15,D,3139.00,3131.00
Khoozestan.CE.,20151201,3122.00,3150.00,3116.00,3139.00,510197716,162722,31,D,3146.00,3150.00
Khoozestan.CE.,20151130,3115.00,3144.00,3108.00,3146.00,257025430,82048,45,D,3152.00,3140.00
Khoozestan.CE.,20151129,3117.00,3150.00,3117.00,3152.00,367057125,117252,51,D,3170.00,3120.00
Khoozestan.CE.,20151128,3121.00,3130.00,3106.00,3170.00,184371431,59138,25,D,3185.00,3130.00
Khoozestan.CE.,20151125,3181.00,3181.00,3115.00,3185.00,220600456,70539,36,D,3207.00,3150.00
Khoozestan.CE.,20151124,3219.00,3219.00,3168.00,3207.00,445853274,139500,35,D,3220.00,3199.00
Khoozestan.CE.,20151123,3181.00,3188.00,3162.00,3220.00,353986948,111535,26,D,3255.00,3167.00
Khoozestan.CE.,20151122,3208.00,3239.00,3167.00,3255.00,199938324,62369,23,D,3271.00,3220.00
Khoozestan.CE.,20151121,3150.00,3283.00,3150.00,3271.00,2052658767,627460,195,D,3127.00,3250.00
Khoozestan.CE.,20151118,3120.00,3140.00,3113.00,3127.00,121871340,39010,11,D,3127.00,3113.00
Khoozestan.CE.,20151117,3110.00,3130.00,3109.00,3127.00,172593745,55450,21,D,3131.00,3130.00
Khoozestan.CE.,20151116,3108.00,3140.00,3108.00,3131.00,379769140,122105,31,D,3149.00,3110.00
Khoozestan.CE.,20151115,3100.00,3170.00,3100.00,3149.00,282097965,90330,34,D,3163.00,3106.00
Khoozestan.CE.,20151114,3121.00,3121.00,3100.00,3163.00,111587376,35910,18,D,3172.00,3120.00
Khoozestan.CE.,20151111,3190.00,3199.00,3143.00,3172.00,517702324,162870,37,D,3162.00,3180.00
Khoozestan.CE.,20151110,3150.00,3165.00,3143.00,3162.00,129309395,41019,33,D,3164.00,3153.00
Khoozestan.CE.,20151109,3131.00,3165.00,3131.00,3164.00,308713734,97922,52,D,3171.00,3155.00
Khoozestan.CE.,20151108,3127.00,3152.00,3127.00,3171.00,45680269,14502,12,D,3172.00,3152.00
Khoozestan.CE.,20151107,3160.00,3160.00,3141.00,3172.00,186312492,59162,27,D,3179.00,3151.00
Khoozestan.CE.,20151104,3247.00,3247.00,3161.00,3179.00,220012605,68754,26,D,3171.00,3219.00
Khoozestan.CE.,20151103,3154.00,3245.00,3141.00,3171.00,630042570,199300,53,D,3203.00,3245.00
Khoozestan.CE.,20151102,3200.00,3200.00,3152.00,3203.00,213348454,67367,25,D,3215.00,3155.00
Khoozestan.CE.,20151101,3151.00,3280.00,3151.00,3215.00,221387256,69340,50,D,3223.00,3181.00
Khoozestan.CE.,20151031,3150.00,3220.00,3150.00,3223.00,440415778,138000,52,D,3258.00,3180.00
Khoozestan.CE.,20151028,3171.00,3278.00,3171.00,3258.00,1232320311,378232,143,D,3122.00,3234.00
Khoozestan.CE.,20151027,3057.00,3197.00,3011.00,3122.00,2192481495,702222,174,D,3045.00,3197.00
Khoozestan.CE.,20151026,3000.00,3060.00,3000.00,3045.00,508855588,167415,49,D,3055.00,3047.00
Khoozestan.CE.,20151025,3100.00,3107.00,2961.00,3055.00,1609432892,526855,212,D,3003.00,2991.00
Khoozestan.CE.,20151021,3003.00,3003.00,2951.00,3003.00,1304327993,434391,86,D,2860.00,3003.00
Khoozestan.CE.,20151020,2987.00,2987.00,2987.00,2860.00,83193924,27852,12,D,2845.00,2987.00
Khoozestan.CE.,20151019,2963.00,2963.00,2963.00,2845.00,128327530,43310,19,D,2822.00,2963.00
Khoozestan.CE.,20151018,2946.00,2946.00,2946.00,2822.00,86730240,29440,14,D,2806.00,2946.00
Khoozestan.CE.,20151017,2936.00,2936.00,2936.00,2806.00,47064080,16030,9,D,2797.00,2936.00
Khoozestan.CE.,20151014,2927.00,2927.00,2927.00,2797.00,47856450,16350,17,D,2788.00,2927.00
Khoozestan.CE.,20151013,2766.00,2907.00,2766.00,2788.00,138642712,48326,34,D,2769.00,2907.00
Khoozestan.CE.,20151012,2730.00,2834.00,2730.00,2769.00,98622943,35250,35,D,2765.00,2805.00
Khoozestan.CE.,20151011,2716.00,2829.00,2716.00,2765.00,40389008,14806,13,D,2767.00,2720.00
Khoozestan.CE.,20151010,2733.00,2776.00,2710.00,2767.00,129441722,47467,24,D,2776.00,2731.00
Khoozestan.CE.,20151007,2742.00,2781.00,2740.00,2776.00,106181285,38673,24,D,2781.00,2781.00
Khoozestan.CE.,20151006,2746.00,2781.00,2740.00,2781.00,67164606,24458,19,D,2785.00,2742.00
Khoozestan.CE.,20151005,2740.00,2755.00,2740.00,2785.00,79579800,28946,20,D,2789.00,2750.00
Khoozestan.CE.,20151004,2721.00,2800.00,2721.00,2789.00,144503875,52129,32,D,2793.00,2751.00
Khoozestan.CE.,20151003,2720.00,2765.00,2720.00,2793.00,190202281,68994,25,D,2806.00,2757.00
Khoozestan.CE.,20150930,2770.00,2771.00,2761.00,2806.00,31372368,11329,15,D,2808.00,2761.00
Khoozestan.CE.,20150929,2800.00,2860.00,2760.00,2808.00,54192398,19491,20,D,2810.00,2763.00
Khoozestan.CE.,20150928,2762.00,2820.00,2762.00,2810.00,98407500,35122,19,D,2811.00,2820.00
Khoozestan.CE.,20150927,2760.00,2800.00,2758.00,2811.00,162562890,58625,30,D,2822.00,2780.00
Khoozestan.CE.,20150926,2800.00,2822.00,2800.00,2822.00,170614544,60666,26,D,2825.00,2811.00
Khoozestan.CE.,20150923,2780.00,2850.00,2780.00,2825.00,224365907,80037,26,D,2834.00,2825.00
Khoozestan.CE.,20150922,2797.00,2801.00,2770.00,2834.00,335454675,119882,45,D,2865.00,2770.00
Khoozestan.CE.,20150921,2790.00,2947.00,2758.00,2865.00,90608349,32474,22,D,2876.00,2797.00
Khoozestan.CE.,20150920,2831.00,2832.00,2790.00,2876.00,157261330,55891,29,D,2893.00,2790.00
Khoozestan.CE.,20150919,2802.00,2980.00,2802.00,2893.00,78184599,27704,31,D,2901.00,2850.00
Khoozestan.CE.,20150916,2880.00,2899.00,2820.00,2901.00,305304215,107256,88,D,2940.00,2840.00
Khoozestan.CE.,20150915,2900.00,2900.00,2882.00,2940.00,110350204,38245,29,D,2949.00,2882.00
Khoozestan.CE.,20150914,2920.00,2950.00,2904.00,2949.00,312472316,106848,31,D,2966.00,2904.00
Khoozestan.CE.,20150913,2950.00,2950.00,2901.00,2966.00,193437667,66404,27,D,2984.00,2928.00
Khoozestan.CE.,20150912,2971.00,3000.00,2954.00,2984.00,246776238,83170,24,D,2992.00,2954.00
Khoozestan.CE.,20150909,2990.00,3001.00,2951.00,2992.00,522518754,175205,69,D,3012.00,3000.00
Khoozestan.CE.,20150908,3010.00,3040.00,3000.00,3012.00,278824625,92834,58,D,3017.00,3007.00
Khoozestan.CE.,20150907,3009.00,3018.00,3008.00,3017.00,394706579,131058,86,D,3023.00,3015.00
Khoozestan.CE.,20150906,3120.00,3120.00,3022.00,3023.00,272804598,90147,38,D,3021.00,3025.00
Khoozestan.CE.,20150905,3050.00,3060.00,3010.00,3021.00,291422342,96082,40,D,3014.00,3050.00
Khoozestan.CE.,20150902,3002.00,3090.00,3001.00,3014.00,282180426,93475,41,D,3011.00,3004.00
Khoozestan.CE.,20150901,3040.00,3060.00,3000.00,3011.00,3204051705,1064064,142,D,3070.00,3060.00
Khoozestan.CE.,20150831,3075.00,3090.00,3004.00,3070.00,599636083,196341,50,D,3121.00,3052.00
Khoozestan.CE.,20150830,3120.00,3120.00,3066.00,3121.00,234627908,76046,31,D,3136.00,3070.00
Khoozestan.CE.,20150829,3100.00,3153.00,3100.00,3136.00,574957036,184294,32,D,3175.00,3110.00
Khoozestan.CE.,20150826,3150.00,3207.00,3100.00,3175.00,584867318,184992,56,D,3207.00,3190.00
Khoozestan.CE.,20150825,3100.00,3210.00,3081.00,3207.00,21875306336,6820128,85,D,3065.00,3090.00
Khoozestan.CE.,20150824,2972.00,3164.00,2972.00,3065.00,457859545,147494,64,D,3014.00,3164.00
Khoozestan.CE.,20150823,3015.00,3020.00,3000.00,3014.00,707435716,235106,41,D,3063.00,3000.00
Khoozestan.CE.,20150822,3012.00,3080.00,3012.00,3063.00,520840726,171319,45,D,3108.00,3020.00
Khoozestan.CE.,20150819,3052.00,3099.00,3041.00,3108.00,202423980,66433,33,D,3129.00,3041.00
Khoozestan.CE.,20150818,3115.00,3123.00,3043.00,3129.00,212287190,68520,29,D,3140.00,3044.00
Khoozestan.CE.,20150817,3116.00,3116.00,3100.00,3140.00,102204950,32961,25,D,3146.00,3103.00
Khoozestan.CE.,20150816,3100.00,3166.00,3100.00,3146.00,404500770,128951,52,D,3155.00,3116.00
Khoozestan.CE.,20150815,3150.00,3150.00,3100.00,3155.00,153951600,49264,26,D,3162.00,3150.00
Khoozestan.CE.,20150812,3150.00,3150.00,3150.00,3162.00,32703300,10382,9,D,3162.00,3150.00
Khoozestan.CE.,20150810,3150.00,3166.00,3127.00,3162.00,133277505,42325,34,D,3165.00,3150.00
Khoozestan.CE.,20150809,3150.00,3160.00,3147.00,3165.00,107446995,34085,29,D,3167.00,3147.00
Khoozestan.CE.,20150808,3249.00,3249.00,3141.00,3167.00,213029118,67593,32,D,3173.00,3151.00
Khoozestan.CE.,20150805,3243.00,3256.00,3175.00,3173.00,292610591,90839,68,D,3147.00,3246.00
Khoozestan.CE.,20150804,3180.00,3240.00,3120.00,3147.00,1173264910,372815,134,D,3112.00,3230.00
Khoozestan.CE.,20150803,3129.00,3170.00,3100.00,3112.00,1979435004,636060,75,D,3131.00,3170.00
Khoozestan.CE.,20150802,3150.00,3150.00,3040.00,3131.00,120524371,38929,29,D,3137.00,3100.00
Khoozestan.CE.,20150801,3100.00,3160.00,3100.00,3137.00,1220219650,388941,72,D,3154.00,3150.00
Khoozestan.CE.,20150729,3175.00,3250.00,3120.00,3154.00,378486758,119062,62,D,3133.00,3250.00
Khoozestan.CE.,20150728,3040.00,3155.00,3040.00,3133.00,65062775,21158,26,D,3138.00,3126.00
Khoozestan.CE.,20150727,3016.00,3144.00,3015.00,3138.00,102184500,33500,19,D,3151.00,3144.00
Khoozestan.CE.,20150726,3100.00,3170.00,3100.00,3151.00,173200900,55522,33,D,3160.00,3109.00
Khoozestan.CE.,20150725,3140.00,3164.00,3100.00,3160.00,680211935,216557,57,D,3256.00,3140.00
Khoozestan.CE.,20150722,3130.00,3249.00,3130.00,3256.00,202962212,63240,41,D,3271.00,3200.00
Khoozestan.CE.,20150721,3200.00,3299.00,3196.00,3271.00,466995899,146008,33,D,3364.00,3200.00
Khoozestan.CE.,20150720,3271.00,3315.00,3230.00,3364.00,212331342,65177,44,D,3400.00,3233.00
Khoozestan.CE.,20150715,3352.00,3389.00,3290.00,3400.00,343806800,103219,68,D,3446.00,3290.00
Khoozestan.CE.,20150714,3390.00,3496.00,3211.00,3446.00,1449168396,420555,162,D,3330.00,3496.00
Khoozestan.CE.,20150713,3389.00,3389.00,3389.00,3330.00,555626550,163950,61,D,3228.00,3389.00
Khoozestan.CE.,20150712,3270.00,3297.00,3250.00,3228.00,486114540,147562,93,D,3140.00,3297.00
Khoozestan.CE.,20150711,3052.00,3200.00,3052.00,3140.00,643942848,204291,86,D,3098.00,3135.00
Khoozestan.CE.,20150707,3121.00,3160.00,3080.00,3098.00,514670694,165519,104,D,3079.00,3160.00
Khoozestan.CE.,20150706,3061.00,3110.00,3061.00,3079.00,367499212,119329,80,D,3079.00,3100.00
Khoozestan.CE.,20150705,3080.00,3160.00,3040.00,3079.00,613088987,200233,65,D,3137.00,3101.00
Khoozestan.CE.,20150704,3180.00,3190.00,3072.00,3137.00,1247970065,397806,155,D,3187.00,3087.00
Khoozestan.CE.,20150701,3186.00,3210.00,3182.00,3187.00,850918073,267004,98,D,3349.00,3182.00
Khoozestan.CE.,20150630,3280.00,3379.00,3280.00,3349.00,680729162,204944,67,D,3449.00,3301.00
Khoozestan.CE.,20150629,3305.00,3399.00,3305.00,3449.00,164077285,49310,43,D,3478.00,3320.00
Khoozestan.CE.,20150628,3381.00,3381.00,3378.00,3478.00,383538876,113492,21,D,3555.00,3378.00
Khoozestan.CE.,20150627,3476.00,3570.00,3450.00,3555.00,7908564244,2224538,153,D,3440.00,3460.00
Khoozestan.CE.,20150624,3464.00,3478.00,3291.00,3440.00,876345998,254777,195,D,3464.00,3442.00
Khoozestan.CE.,20150623,3489.00,3489.00,3358.00,3464.00,922543286,266298,113,D,3337.00,3371.00
Khoozestan.CE.,20150622,3330.00,3358.00,3310.00,3337.00,895360903,268345,140,D,3199.00,3358.00
Khoozestan.CE.,20150621,3136.00,3239.00,3135.00,3199.00,1386463456,433356,138,D,3092.00,3155.00
Khoozestan.CE.,20150620,3112.00,3112.00,3070.00,3092.00,881210285,285015,86,D,2966.00,3090.00
Khoozestan.CE.,20150617,2850.00,3013.00,2850.00,2966.00,548799253,183453,60,D,2904.00,3010.00
Khoozestan.CE.,20150616,2850.00,2950.00,2848.00,2904.00,403793705,140266,61,D,2934.00,2950.00
Khoozestan.CE.,20150615,2939.00,2939.00,2855.00,2934.00,175834319,61163,40,D,2952.00,2900.00
Khoozestan.CE.,20150614,2950.00,2950.00,2912.00,2952.00,390052930,133218,53,D,2978.00,2912.00
Khoozestan.CE.,20150613,2965.00,3000.00,2851.00,2978.00,122638809,41883,36,D,2988.00,2915.00
Khoozestan.CE.,20150610,3040.00,3040.00,2902.00,2988.00,265857966,89322,60,D,2994.00,3039.00
Khoozestan.CE.,20150609,3070.00,3070.00,2988.00,2994.00,964511702,322105,81,D,3145.00,3000.00
Khoozestan.CE.,20150608,3101.00,3102.00,3055.00,3145.00,382463875,124606,67,D,3214.00,3070.00
Khoozestan.CE.,20150607,3180.00,3270.00,3110.00,3214.00,197726463,62995,63,D,3238.00,3110.00
Khoozestan.CE.,20150606,3154.00,3240.00,3154.00,3238.00,154441558,48528,38,D,3251.00,3160.00
Khoozestan.CE.,20150602,3201.00,3347.00,3150.00,3251.00,441294282,137109,105,D,3287.00,3220.00
Khoozestan.CE.,20150601,3250.00,3300.00,3243.00,3287.00,629366817,194010,94,D,3413.00,3243.00
Khoozestan.CE.,20150531,3500.00,3501.00,3323.00,3413.00,1515024870,443935,198,D,3497.00,3326.00
Khoozestan.CE.,20150530,3508.00,3508.00,3470.00,3497.00,280367261,80167,56,D,3508.00,3508.00
Khoozestan.CE.,20150520,4400.00,4410.00,4320.00,4388.00,4691541595,1069118,2499,D,4404.00,4330.00
Khoozestan.CE.,20150519,4400.00,4411.00,4400.00,4404.00,2564021435,582204,329,D,4400.00,4400.00
Khoozestan.CE.,20150518,4400.00,4407.00,4400.00,4400.00,1310818170,297906,1408,D,4440.00,4400.00
Khoozestan.CE.,20150517,4392.00,4450.00,4392.00,4440.00,13753016660,3097466,1975,D,4424.00,4400.00
Khoozestan.CE.,20150513,4390.00,4430.00,4390.00,4424.00,51752905781,11698301,606,D,4379.00,4390.00
Khoozestan.CE.,20150512,4346.00,4400.00,4330.00,4379.00,2884494839,658741,489,D,4287.00,4389.00
Khoozestan.CE.,20150511,4255.00,4350.00,4255.00,4287.00,1749918552,408223,296,D,4255.00,4350.00
Khoozestan.CE.,20150510,4110.00,4310.00,4110.00,4255.00,4416798447,1038006,4467,D,4182.00,4300.00
Khoozestan.CE.,20150509,4140.00,4210.00,4140.00,4182.00,3014261729,720757,3781,D,4181.00,4181.00
Khoozestan.CE.,20150506,4157.00,4221.00,4052.00,4181.00,4878506826,1166866,2673,D,4220.00,4220.00
Khoozestan.CE.,20150505,4162.00,4252.00,4132.00,4220.00,2522739474,597812,1266,D,4162.00,4155.00
Khoozestan.CE.,20150504,4050.00,4180.00,4050.00,4162.00,3159451297,759112,2054,D,4135.00,4170.00
Khoozestan.CE.,20150503,4078.00,4199.00,4002.00,4135.00,3999143768,967234,616,D,4136.00,4060.00
Khoozestan.CE.,20150429,4131.00,4189.00,4080.00,4136.00,2314419534,559636,431,D,4146.00,4147.00
Khoozestan.CE.,20150428,4180.00,4250.00,4106.00,4146.00,7730983445,1864663,1370,D,4277.00,4220.00
Khoozestan.CE.,20150427,4301.00,4343.00,4210.00,4277.00,3616168578,845579,476,D,4343.00,4240.00
Khoozestan.CE.,20150426,4340.00,4400.00,4310.00,4343.00,2973858814,684698,443,D,4372.00,4378.00
Khoozestan.CE.,20150425,4425.00,4425.00,4350.00,4372.00,2424845748,554609,369,D,4419.00,4350.00
Khoozestan.CE.,20150422,4400.00,4449.00,4392.00,4419.00,5189901455,1174475,650,D,4390.00,4446.00
Khoozestan.CE.,20150421,4429.00,4452.00,4351.00,4390.00,4934278889,1123898,616,D,4443.00,4352.00
Khoozestan.CE.,20150420,4454.00,4490.00,4429.00,4443.00,6180047267,1390872,1174,D,4613.00,4432.00
Khoozestan.CE.,20150419,4710.00,4850.00,4510.00,4613.00,15342769583,3326139,1951,D,4697.00,4540.00
Khoozestan.CE.,20150418,4650.00,4728.00,4624.00,4697.00,42238096963,8993075,5808,D,4547.00,4728.00
Khoozestan.CE.,20150415,4450.00,4621.00,4450.00,4547.00,26045474040,5727661,4274,D,4444.00,4621.00
Khoozestan.CE.,20150414,4385.00,4451.00,4382.00,4444.00,13185528439,2967364,2231,D,4446.00,4450.00
Khoozestan.CE.,20150413,4367.00,4451.00,4367.00,4446.00,26862471117,6041985,3772,D,4446.00,4450.00
Khoozestan.CE.,20150412,4400.00,4451.00,4330.00,4446.00,53414610291,12013649,7412,D,4449.00,4450.00
Khoozestan.CE.,20150411,4461.00,4489.00,4410.00,4449.00,53764500606,12083331,8166,D,4552.00,4431.00
Khoozestan.CE.,20150408,4628.00,4628.00,4471.00,4552.00,127658355935,28042309,23839,D,4450.00,4491.00
Khoozestan.CE.,20150407,4450.00,4450.00,4450.00,4450.00,311500000000,70000000,24252,D,1000.00,4450.00
