price,volume
1343.8,604566
1319.49,634678
1313.64,727709
1317.72,665194
1308.87,720241
1316.14,884873
1305.44,678947
1326.73,696044
1325.84,644010
1343.8,829496
1345.02,585559
1337.43,576860
1331.94,652053
1304.89,852723
1300.67,748423
1292.28,951840
1286.94,851983
1254.04,960305
1260.34,1017929
1200.07,1354440
1199.38,1724038
1119.46,1938224
1172.53,1861439
1120.76,1717760
1172.64,1528892
1178.81,1000795
1204.49,855621
1192.76,871874
1193.89,784412
1140.65,1304288
1123.53,1274017
1123.82,911682
1162.35,962340
1177.6,876215
1159.27,944172
1176.8,917776
1210.08,686404
1212.92,794771
1218.89,963811
1204.42,742114
1173.97,723929
1173.97,792394.5
1165.24,860860
1198.62,771110
1185.9,782308
1154.23,993603
1162.27,857714
1172.87,832337
1188.68,887359
1209.11,802306
1216.01,1568106
1204.09,738602
1202.09,720960
1166.76,967540
1129.56,1347290
1136.43,951820
1162.95,918023
1175.38,900240
1151.06,789870
1160.4,883318
1131.42,986533
1099.23,1064637
1123.95,1234751
1144.03,973757
1164.97,851180
1155.46,881987
1194.89,654900
1195.54,650495
1207.25,805996
1203.66,678085
1224.58,627784
1200.86,679194
1225.38,853336
1209.88,776277
1215.39,768757
1238.25,1039907
1254.19,700005
1229.05,774021
1242,892603
1284.59,1060954
1285.09,773623
1253.3,860463
1218.28,1000384
1237.9,751246
1261.15,794731
1253.23,650297
1261.12,599517
1275.92,658714
1229.1,851197
1239.69,686103
1263.85,576721
1251.78,533463
1257.81,624302
1236.91,753541
1216.13,822872
1215.65,788180
1192.98,735399
1188.04,674946
1161.79,689777
1161.79,512866.5
1158.67,335956
1192.55,739215
1195.19,647616
1246.96,1172115
1244.58,616267
1244.28,664845
1257.08,681306
1258.47,595394
1261.01,717576
1234.35,710781
1255.19,607239
1236.47,610944
1225.73,735543
1211.82,698587
1215.75,648747
1219.66,1403591
1205.35,569817
1241.3,741105
1243.72,715569
1254,615073
1265.33,352910
1265.33,349999
1265.43,347088
1249.64,388379
1263.02,375206
1257.6,422083
1257.6,542399
1277.06,662715
1277.3,613302
1281.06,661073
1277.81,586007
1280.7,582309
1292.08,653259
1292.48,568741
1295.5,580177
1289.09,656666
1289.09,649317.5
1293.67,641969
1308.04,675850
1314.5,663577
1315.38,878320
1316,583433
1314.65,584740
1326.05,686713
1318.43,701746
1316.33,676624
1313.01,577400
1312.41,797230
1324.09,672663
1325.54,584223
1344.9,665334
1344.33,531777
1347.05,535133
1349.96,595613
1351.95,607917
1342.64,563291
1351.77,509390
1350.5,575332
1343.23,620012
1358.04,613533
1361.23,847908
1361.23,734945.5
1362.21,621983
1357.66,564038
1363.46,568546
1365.74,472036
1367.59,572529
1372.18,586648
1365.68,839339
1374.09,617111
1369.63,471320
1364.33,529724
1343.36,658266
1352.63,618036
1365.91,531454
1370.87,517234
1371.09,473774
1395.95,672518
1394.28,678427
1402.6,662602
1404.17,1343126
1409.75,545546
1405.52,543643
1402.89,569390
1392.78,568355
1397.11,570172
1416.51,556882
1412.52,554126
1405.54,632734
1403.28,620549
1408.47,744671
1419.04,578591
1413.38,638204
1398.96,624983
1398.08,538038
1398.08,534111
1382.2,530184
1358.59,722583
1368.71,585197
1387.57,539962
1370.26,620009
1369.57,587617
1390.78,550794
1385.14,552800
1376.92,661352
1378.53,869052
1366.94,625934
1371.97,607308
1390.69,632292
1399.98,587283
1403.36,574422
1397.91,607527
1405.82,565454
1402.3,546297
1391.57,581533
1369.1,585374
1369.58,576964
1363.72,675233
1354.58,711609
1357.99,647812
1353.39,611356
1338.35,618913
1330.66,655384
1324.8,665461
1304.86,680754
1295.22,975332
1315.99,622745
1316.63,622407
1318.86,693140
1320.68,614732
1317.82,449802
1317.82,500376.5
1332.42,550951
1313.32,579641
1310.33,940925
1278.04,782220
1278.18,635946
1285.5,558438
1315.13,652861
1314.99,649344
1325.66,527231
1308.93,566392
1324.18,573850
1314.88,553876
1329.1,608023
1342.84,1141818
1344.78,540693
1357.98,586629
1355.69,573023
1325.51,677891
1335.02,929041
1313.72,596638
1319.98,550335
1331.85,499592
1329.04,692430
1362.16,852335
1365.51,544915
1374.02,333805
1374.02,412560.5
1367.58,491316
1354.68,473892
1352.46,488550
1341.47,557227
1341.45,593546
1334.76,597864
1356.78,522326
1353.64,460442
1363.67,554444
1372.78,573272
1376.51,631244
1362.66,851766
1350.52,591487
1338.31,616405
1337.89,643149
1360.02,705312
1385.97,740576
1385.3,484707
1379.32,669729
1375.14,689418
1365,615875
1390.99,551766
1394.23,479861
1401.35,519595
1402.22,466719
1402.8,448493
1405.87,441987
1404.11,380475
1403.93,429520
1405.53,419471
1415.51,500153
1418.16,585809
1418.13,435135
1413.17,506639
1413.49,501633
1402.08,451905
1411.13,425661
1410.44,414499
1409.3,400891
1410.49,391057
1399.48,398456
1406.58,566311
1406.58,515386
1404.94,464461
1403.44,468363
1432.11,563049
1437.92,540397
1429.08,487014
1433.56,520792
1436.56,493270
1459.99,608373
1465.77,732027
1461.19,517631
1459.32,487005
1461.05,514794
1460.26,526569
1460.15,1473948
1456.89,490691
1441.59,593072
1433.32,535569
1447.15,479755
1440.67,628322
1444.49,511947
1445.75,457426
1450.99,506553
1461.4,496741
1460.93,478514
1455.88,350746
1441.48,476218
1432.56,453629
1432.84,496857
1428.59,513582
1440.13,489333
1454.92,484885
1460.91,551740
1457.34,565585
1433.19,885609
1433.82,511793
1413.11,552734
1408.75,541725
1412.97,557434
1411.94,605527
1411.94,302763.5
1411.94,478182.8
1412.16,653602
1427.59,599183
1414.2,607515
1417.26,459314
1428.39,542763
1394.53,692222
1377.51,612832
1379.85,575874
1380.03,282625
1374.53,551632
1355.49,659656
1353.33,602714
1359.88,842559
1386.89,563440
1387.81,508090
1391.03,392239
1391.03,317209
1409.15,242179
1406.29,505032
1398.94,527017
1409.93,552197
1415.95,509860
1416.18,836942
1409.46,517130
1407.05,534149
1409.28,610203
1413.94,502934
1418.07,471402
1418.55,468455
1427.84,574978
1428.48,550927
1419.45,506508
1413.58,517488
1430.36,572655
1446.79,642268
1435.81,569536
1443.69,511447
1430.15,1514501
1426.66,218666
1426.66,287243.5
1419.83,355821
1418.1,434249
1402.43,397520
1426.19,585218
1426.19,625182
1462.42,665146
1459.37,561263
1466.47,489371
1461.89,471486
1457.15,532588
1461.02,489881
1472.12,544221
1472.05,470769
1470.68,480688
1472.34,470708
1472.63,485848
1480.94,591465
1485.98,920956
1485.98,739988
1492.56,559020
1494.81,479226
1494.82,543482
1502.96,559070
1500.18,502845
1507.84,562427
1501.96,541017
1498.11,712668
1513.17,576498
1495.71,566862
1511.29,576457
1512.12,543812
1509.39,534511
1517.93,459823
1517.01,382890
1519.43,469782
1520.33,495489
1521.38,524251
1519.79,802927
1519.79,680754.5
1530.94,558582
1511.95,583104
1502.42,588934
1515.6,505050
1487.85,627165
1496.94,569354
1515.99,479813
1514.68,735425
1518.2,522709
1525.2,490188
1539.79,499572
1541.46,490727
1544.26,489028
1551.18,479459
1556.22,437760
1552.48,457795
1554.52,409149
1563.23,494834
1560.7,1426617
1552.1,495349
1548.34,535005
1558.71,499141
1545.8,505315
1556.89,491219
1551.69,522845
1563.77,404453
1562.85,407533
1569.19,661078
1569.19,537326
1562.17,413574
1570.25,462829
1553.69,576828
1559.98,471727
1553.28,547925
1563.07,448688
1568.61,511134
1587.73,510781
1593.37,521191
1588.85,529328
1552.36,703753
1574.57,548572
1552.01,673253
1541.61,615946
1555.25,779256
1562.5,509229
1578.78,540531
1578.79,562507
1585.16,577887
1582.24,543973
1593.61,445706
1597.57,669424
1582.7,506555
1597.59,457002
1614.42,519254
1617.5,469344
1625.96,468629
1632.69,497363
1626.67,473996
1633.7,463329
1633.77,442421
1650.34,518094
1658.78,528246
1650.47,548320
1667.47,706870
1666.29,476358
1669.16,502430
1655.35,671305
1650.51,593566
1649.6,438657
1649.6,490289
1660.06,541921
1648.36,497996
1654.41,516664
1630.74,856567
1640.42,601528
1631.38,558108
1608.9,563821
1622.56,603290
1643.38,576780
1642.81,434288
1626.13,487200
1612.52,488081
1636.36,501745
1626.73,449350
1639.04,510038
1651.81,461272
1628.93,555541
1588.19,768032
1592.43,1507584
1573.09,670781
1588.03,591516
1603.26,559626
1613.2,510156
1606.28,1063673
1614.96,518229
1614.08,520740
1615.41,299429
1615.41,361053
1631.89,422677
1640.46,734963
1652.32,507487
1652.62,498099
1675.02,554747
1680.19,575988
1682.5,414407
1676.26,453247
1680.91,497826
1689.37,510857
1692.09,754883
1695.53,465020
1692.39,438286
1685.94,513599
1690.25,501448
1691.65,457342
1685.33,411188
1685.96,492159
1685.72,649043
1706.87,520234
1709.67,494195
1707.14,363477
1697.37,446352
1690.91,438513
1697.48,446999
1691.42,403394
1689.47,369592
1694.16,402378
1685.39,409585
1661.32,499350
1655.83,639131
1646.06,433606
1652.35,428046
1642.8,473475
1656.96,623231
1663.5,444289
1656.78,409042
1630.48,494832
1634.96,430462
1638.17,378212
1632.97,531583
1632.97,522771
1639.77,513959
1653.08,524195
1655.08,428637
1655.17,484449
1671.71,423765
1683.99,489085
1689.13,476873
1683.42,441994
1687.99,384106
1697.6,446946
1704.76,416785
1725.52,568125
1722.34,504375
1709.91,1373852
1701.84,501457
1697.42,489428
1692.77,460818
1698.67,408875
1691.75,464569
1681.55,605954
1695,440246
1693.87,467281
1678.66,482093
1690.5,421107
1676.12,413591
1655.45,537021
1656.4,548555
1692.56,533384
1703.2,470002
1710.14,410558
1698.06,499721
1721.54,507676
1733.15,522976
1744.5,685297
1744.66,484953
1754.67,556149
1746.38,520475
1752.07,512871
1759.77,528512
1762.11,564005
1771.95,479777
1763.31,469583
1756.54,624290
1761.64,538311
1767.93,420024
1762.97,477732
1770.49,492661
1747.15,590009
1770.61,564637
1771.89,376761
1767.69,444458
1782,505308
1790.62,509930
1798.18,656776
1791.53,482498
1787.87,459569
1781.37,461741
1795.85,479361
1804.76,439915
1802.48,471349
1802.75,558535
1807.23,372649
1807.23,362873.5
1805.81,353098
1800.9,461947
1795.15,525408
1792.81,573025
1785.03,556844
1805.09,499811
1808.36,485615
1802.62,464118
1782.22,545718
1775.5,516063
1775.32,440291
1786.54,529194
1781,506318
1810.65,690180
1809.6,510586
1818.32,1387107
1827.99,433647
1833.32,183931
1833.32,238602
1842.02,293273
1841.4,269984
1841.07,301816
1848.36,393922
1848.36,419999
1831.98,446076
1831.37,387737
1826.77,491156
1837.88,496528
1837.49,576758
1838.13,520632
1842.37,486021
1819.2,574069
1838.88,510487
1848.38,556881
1845.89,473037
1838.7,806647
1838.7,700476
1843.8,594305
1844.86,500007
1828.46,581097
1790.29,711185
1781.56,631898
1792.5,494782
1774.2,601114
1794.19,545041
1782.59,755380
1741.89,744277
1755.2,620707
1751.64,578631
1773.43,561418
1797.02,589310
1799.84,485826
1819.75,532935
1819.26,483526
1829.83,534755
1838.63,488468
1838.63,513236
1840.76,538004
1828.75,516752
1839.78,512917
1836.25,673576
1847.61,694457
1845.12,498266
1845.16,493821
1854.29,506493
1859.45,716526
1845.73,498458
1873.91,544441
1873.81,482066
1877.03,498566
1878.04,497040
1877.17,430738
1867.63,442986
1868.2,449370
1846.34,512753
1841.13,491443
1858.83,452592
1872.25,408703
1860.77,499477
1872.01,467186
1866.52,1546978
1857.44,588008
1865.62,491561
1852.56,557827
1849.04,583008
1857.62,453538
1872.33,577814
1885.52,517337
1890.9,465008
1888.77,486951
1865.09,638969
1845.04,658210
1851.96,552300
1872.18,528286
1833.08,636878
1815.69,662182
1830.61,524945
1842.98,591857
1862.31,536608
1864.85,665681
1864.85,555627
1871.89,445573
1879.55,492961
1875.39,477805
1878.61,523936
1863.4,526707
1869.43,644490
1878.33,489827
1883.95,629090
1883.68,468010
1881.14,463670
1884.66,417770
1867.72,474484
1878.21,563540
1875.63,488608
1878.48,473573
1896.65,448903
1897.45,418340
1888.53,422048
1870.85,547161
1877.86,624155
1885.08,433389
1872.83,434975
1888.03,410778
1892.49,385630
1900.53,373480
1900.53,421569.5
1911.91,469659
1909.78,408919
1920.03,371597
1923.57,600492
1924.97,376846
1924.24,414841
1927.88,403725
1940.46,431125
1949.44,445161
1951.27,422431
1950.79,405664
1943.89,387283
1930.11,459956
1936.16,445392
1937.78,437288
1941.99,405863
1956.98,436454
1959.48,476002
1962.87,1209685
1962.61,411854
1949.98,482070
1959.53,455366
1957.22,404542
1960.96,736991
1960.23,527459
1973.32,438761
1974.62,386021
1985.44,366541
1985.44,383016
1977.65,399491
1963.71,482721
1972.83,414872
1964.68,417456
1967.57,375548
1977.1,398064
1973.28,544581
1981.57,517539
1958.12,541630
1978.22,582965
1973.63,397417
1983.53,425726
1987.01,468319
1987.98,471603
1978.34,414635
1978.91,436388
1969.95,492838
1970.07,476985
1930.67,623629
1925.15,519200
1938.99,468874
1920.21,500527
1920.24,488369
1909.57,474067
1931.59,456088
1936.92,399490
1933.75,352024
1946.72,368395
1955.18,322147
1955.06,599550
1971.74,422144
1981.6,393523
1986.51,378232
1992.37,395027
1988.4,377872
1997.92,336826
2000.02,314079
2000.12,342143
1996.74,315882
2003.37,425023
2003.37,412220.5
2002.28,399418
2000.72,396734
1997.65,426756
2007.71,450560
2001.54,411969
1988.44,450978
1995.69,427131
1997.45,399776
1985.54,500131
1984.13,433853
1998.98,441783
2001.56,478418
2011.36,475880
2010.4,1399699
1994.29,474795
1982.77,483710
1998.3,486044
1965.99,526199
1982.85,436267
1977.8,421744
1972.28,590851
1946.16,585264
1946.17,513088
1967.9,544389
1964.82,433672
1935.1,519127
1968.89,610653
1928.21,604573
1906.13,757485
1874.74,670484
1877.7,689430
1862.49,926524
1862.76,795956
1886.76,805007
1904.01,529713
1941.28,586162
1927.11,601110
1950.82,560099
1964.58,499168
1961.63,465869
1985.05,514671
1982.3,550834
1994.65,512018
2018.05,699250
2017.81,495466
2012.1,523652
2023.57,511039
2031.21,497882
2031.92,507608
2038.26,459544
2039.68,379238
2038.25,460474
2039.33,470727
2039.82,447822
2041.32,466017
2051.8,465627
2048.72,456780
2052.75,444963
2063.5,725438
2069.41,483152
2067.03,587165
2072.83,510052
2072.83,460928
2067.56,411804
2053.44,547609
2066.55,498400
2074.33,536333
2071.92,495739
2075.37,492974
2060.31,547803
2059.82,530054
2026.14,619378
2035.33,527529
2002.33,657438
1989.63,670000
1972.74,690265
2012.89,658790
2061.23,667228
2070.65,1633999
2078.54,550803
2082.17,473272
2081.88,224945
2081.88,255865
2088.77,286785
2090.57,331932
2080.35,307732
2058.9,415223
2058.9,421080
2058.2,426937
2020.58,611506
2002.61,628224
2025.9,538478
2062.14,604827
2044.81,503887
2028.26,536631
2023.03,610182
2011.27,673001
1992.67,608258
2019.42,731828
2019.42,668611
2022.55,605394
2032.12,538996
2063.15,643547
2051.82,535455
2057.09,525986
2029.55,562176
2002.16,648480
2021.25,620130
1994.99,893217
2020.85,637708
2050.03,658300
2041.51,638853
2062.52,532688
2055.47,590733
2046.74,502321
2068.59,537838
2068.53,502374
2088.48,563402
2096.99,501223
2096.99,529221.5
2100.34,557220
2099.68,458222
2097.45,462240
2110.3,621832
2109.66,497016
2115.48,499805
2113.86,481020
2110.74,504308
2104.5,596556
2117.39,516612
2107.78,488593
2098.53,489025
2101.04,479611
2071.26,654413
2079.43,491672
2044.16,618042
2040.24,540138
2065.95,541588
2053.4,553445
2081.19,541612
2074.28,475714
2099.5,628925
2089.27,528262
2108.1,1560822
2104.42,500086
2091.5,512610
2061.05,582073
2056.15,619686
2061.02,537750
2086.24,493690
2067.89,663987
2059.69,564988
2066.96,484704
2066.96,544247.5
2080.62,603791
2076.33,436475
2081.9,488249
2091.18,473659
2102.06,467375
2092.43,489876
2095.84,449838
2106.63,561622
2104.99,494694
2081.18,661794
2100.4,481863
2097.29,485076
2107.96,505662
2112.93,566843
2117.69,555376
2108.92,590999
2114.76,549650
2106.85,550784
2085.51,686082
2108.29,509568
2114.49,458688
2089.46,532113
2080.15,552153
2088,523758
2116.1,524517
2105.33,467022
2099.12,468682
2098.48,473510
2121.1,477949
2122.73,609123
2129.2,444239
2127.83,493349
2125.85,477723
2130.82,468557
2126.06,423419
2126.06,490626
2104.2,557833
2123.48,511248
2120.79,434135
2107.39,760129
2111.73,488083
2109.6,471166
2114.07,464527
2095.84,521557
2092.83,559311
2079.28,488323
2080.15,488823
2105.2,507555
2108.86,529774
2094.11,449503
2084.43,504787
2096.29,410710
2100.44,480805
2121.24,544428
2109.99,1255422
2122.85,468228
2124.2,453115
2108.58,534019
2102.31,494346
2101.49,927539
2057.64,586955
2063.11,717671
2077.42,531751
2076.78,484440
2076.78,535324.5
2068.76,586209
2081.34,624382
2046.68,372276
2051.31,553570
2076.62,487492
2099.6,504047
2108.95,501243
2107.4,538810
2124.29,531489
2126.64,626055
2128.28,498063
2119.21,549092
2114.15,604850
2102.15,583756
2079.65,622862
2067.64,658424
2093.25,612199
2108.57,568110
2108.63,505302
2103.84,639716
2098.04,546235
2093.32,545885
2099.84,580780
2083.56,611690
2077.57,529686
2104.18,536952
2084.07,562080
2086.05,632320
2083.39,502475
2091.54,448636
2102.44,426042
2096.92,444211
2079.61,571231
2035.73,674625
1970.89,1064386
1893.21,1333409
1867.61,1051285
1940.51,1028890
1987.66,924279
1988.87,723484
1972.18,764741
1913.85,870125
1948.86,732830
1951.13,632699
1921.22,665450
1921.22,674309
1969.41,683168
1942.04,666981
1952.29,668618
1961.05,589037
1953.03,546552
1978.09,538205
1995.31,592020
1990.2,704674
1958.03,1860981
1966.97,570775
1942.74,692587
1938.76,505058
1932.24,715118
1931.34,691099
1881.77,776043
1884.09,735886
1920.03,848521
1923.82,676563
1951.36,763255
1987.05,725881
1979.92,679866
1995.83,735394
2013.43,604478
2014.89,623423
2017.46,464138
2003.69,567343
1994.24,629947
2023.86,671059
2033.11,711470
2033.66,600551
2030.77,563655
2018.94,610204
2052.51,786028
2075.15,745335
2071.18,602332
2065.89,650112
2090.35,660968
2089.41,549091
2079.36,789097
2104.05,579601
2109.79,588205
2102.31,615424
2099.93,589737
2099.2,661105
2078.58,664847
2081.72,564878
2075,511666
2045.97,573865
2023.04,652851
2053.19,607470
2050.44,677184
2083.58,608652
2081.24,536851
2089.17,689172
2086.59,571414
2089.14,607006
2088.87,440227
2088.87,340262
2090.11,240297
2080.41,818038
2102.63,591053
2079.51,615433
2049.62,749534
2091.69,740000
2077.07,639169
2063.59,666623
2047.62,719904
2052.23,597997
2012.37,718417
2021.94,771571
2043.41,689853
2073.07,680651
2041.89,646285
2005.55,1811569
2021.15,610294
2038.97,546862
2064.29,545191
2060.99,250570
2060.99,309153.5
2056.5,367737
2078.36,379027
2063.36,334631
2043.94,482596
2043.94,642334
2012.66,802072
2016.71,619260
1990.26,734820
1943.09,860517
1922.03,800798
1923.67,775646
1938.68,759189
1890.28,874565
1921.84,920305
1880.33,1194942
1880.33,1035650
1881.33,876359
1859.33,1078051
1868.99,853633
1906.9,809147
1877.08,760931
1903.63,695956
1882.95,801306
1893.36,820296
1940.24,1218351
1939.38,714148
1903.03,788015
1912.53,893685
1915.45,865531
1880.05,866331
1853.44,1012893
1852.21,847335
1851.86,765063
1829.08,959312
1864.78,803669
1864.78,822300
1895.58,840931
1926.82,818658
1917.83,729872
1917.78,862747
1945.5,663513
1921.27,626779
1929.8,662291
1951.7,590047
1948.05,669969
1932.23,849487
1978.35,742687
1986.45,680819
1993.4,667829
1999.99,782584
2001.76,654455
1979.26,699806
1989.26,608081
1989.57,665444
2022.19,641712
2019.64,546841
2015.93,529503
2027.22,617671
2040.59,661763
2049.58,1743158
2051.6,535577
2049.8,555485
2036.71,542134
2035.94,600131
2035.94,530379
2037.05,460627
2055.01,571883
2063.95,511410
2059.74,636510
2072.78,655021
2066.13,532705
2045.17,666163
2066.66,581198
2041.91,618277
2047.6,534860
2041.99,586554
2061.72,590857
2082.42,630914
2082.78,563108
2080.73,693554
2094.34,547244
2100.8,590323
2102.4,604654
2091.48,651246
2091.58,705983
2087.79,544779
2091.7,598555
2095.15,672757
2075.81,689220
2065.3,887327
2081.43,604121
2063.37,635557
2051.12,626804
2050.63,596257
2057.14,588441
2058.69,557448
2084.39,520435
2064.46,580139
2064.11,588564
2046.61,567482
2066.66,567330
2047.21,686681
2047.63,558156
2040.04,589913
2052.32,697842
2048.04,524841
2076.06,557588
2090.54,561669
2090.1,474138
2099.06,508493
2099.06,706476
2096.96,904459
2099.33,556851
2105.26,628062
2099.13,568033
2109.41,532939
2112.13,536131
2119.12,496867
2115.48,482643
2096.07,552199
2079.06,564040
2075.32,576788
2071.5,575938
2077.99,552019
2071.22,1301351
2083.25,598150
2088.9,537088
2085.45,519438
2113.32,525308
2037.41,1403897
2000.54,882683
2036.09,718967
2070.77,691858
2098.86,892556
2102.95,551736
2102.95,601221
2088.55,650706
2099.73,649649
2097.9,546432
2129.9,597242
2137.16,514370
2152.14,599252
2152.43,514541
2163.75,530310
2161.74,643101
2166.89,478404
2163.78,516605
2173.02,500205
2165.17,559292
2175.03,525935
2168.48,511374
2169.18,537572
2166.58,661630
2170.06,564543
2173.6,787086
2170.84,543777
2157.03,619382
2163.79,542285
2164.25,492388
2182.87,569849
2180.89,486958
2181.74,427986
2175.49,439573
2185.79,464458
2184.05,432156
2190.15,441305
2178.15,484439
2182.22,499856
2187.02,510514
2183.87,580186
2182.64,463033
2186.9,466736
2175.44,472264
2172.47,459398
2169.04,494425
2180.38,434407
2176.12,470170
2170.95,659162
2170.86,507264
2179.98,491982
2179.98,530585
2186.48,569188
2186.16,511720
2181.3,530082
2127.81,733227
2159.04,678673
2127.02,671922
2125.77,613057
2147.26,582039
2139.16,1474359
2139.12,513135
2139.76,484990
2163.12,584045
2177.18,521694
2164.69,520708
2146.1,517726
2159.93,534092
2171.37,558057
2151.13,616762
2168.27,809085
2161.2,514417
2150.49,562930
2159.73,599657
2160.77,517703
2153.74,620211
2163.66,452832
2136.73,576873
2139.18,458983
2132.55,561305
2132.98,548993
2126.5,479259
2139.6,475279
2144.29,544371
2141.34,571361
2141.16,654860
2151.33,523564
2143.16,530792
2139.43,562087
2133.04,614708
2126.41,641367
2126.15,673263
2111.72,712604
2097.94,641501
2088.66,593008
2085.18,624672
2131.52,608621
2139.56,556634
2163.26,992770
2167.48,997868
2164.45,734601
2164.2,798242
2180.39,683976
2176.94,569327
2187.12,569018
2181.9,670518
2198.18,571010
2202.94,593601
2204.72,523778
2204.72,392876
2213.35,261974
2201.72,562045
2204.66,578283
2198.81,1055352
2191.08,742047
2191.95,587431
2204.71,2353018
2212.23,2170130
2241.35,2734847
2246.19,2436820
2259.53,2200678
2256.96,2358393
2271.72,2311255
2253.28,2660459
2262.03,2428153
2258.07,3710588
2262.53,1855781
2270.76,1797798
2265.18,1585087
2260.96,1713661
2263.79,1082067
2263.79,1086520
2268.88,1090974
2249.92,1343528
2249.26,1264830
2238.83,1580595
2238.83,1949771
2257.83,2318947
2270.75,2097360
2269,2187189
2276.98,1957181
2268.9,1914652
2268.9,2138024
2275.32,2118289
2270.44,1937385
2274.64,1780997
2274.64,1996598
2267.89,2212200
2271.89,1998643
2263.69,2041282
2271.31,2311814
2265.2,1990552
2280.07,2229227
2298.37,2461512
2296.68,2333681
2294.69,1999261
2280.9,2108083
2278.87,2555320
2279.55,2478979
2280.85,2321960
2297.42,2208634
2292.56,1902540
2293.08,2079166
2294.67,2113479
2307.87,2118564
2316.1,2067124
2328.25,1958736
2337.58,2161361
2349.25,2251620
2347.22,2086044
2351.16,2119431
2351.16,2114032
2365.38,2108632
2362.82,1953850
2363.81,2200797
2367.34,2190395
2369.75,1881304
2363.64,2538169
2395.96,2575918
2381.92,2120548
2383.12,1832913
2375.31,1888989
2368.39,1912964
2362.98,2085506
2364.87,2019165
2372.6,2017930
2373.47,1822264
2365.45,1685090
2385.26,2124878
2381.38,1878039
2378.25,3398205
2373.47,1822463
2344.02,2637088
2348.45,2138555
2345.96,1918717
2343.98,1920254
2341.59,1931760
2358.57,1951314
2361.13,1734143
2368.06,1848896
2362.72,1997044
2358.84,2182258
2360.16,1820405
2352.95,2104798
2357.49,1936974
2355.54,1730732
2357.16,1620329
2353.78,1817530
2344.93,1897910
2328.95,1764747
2328.95,1695506
2349.01,1626264
2342.19,1903471
2338.17,1946833
2355.84,2089716
2348.69,2071759
2374.15,2248662
2388.61,2304917
2387.45,2223616
2388.77,2205559
2384.2,2239465
2388.33,1893003
2391.17,2371689
2388.13,2270224
2389.52,2236620
2399.29,1823790
2399.38,1845375
2396.92,1855963
2399.63,1985193
2394.44,2024700
2390.9,1786639
2402.32,1896371
2400.67,2039120
2357.03,2717639
2365.72,2308543
2381.73,2249728
2394.02,1858439
2398.42,1770956
2404.39,1797590
2415.07,2010590
2415.82,1524512
2415.82,1650606
2412.91,1776699
2411.8,2610802
2430.06,2156065
2439.07,2017388
2436.1,1742363
2429.33,1972388
2433.14,2087406
2433.79,2247663
2431.77,2624858
2429.39,2715835
2440.35,2078680
2437.92,2077561
2432.46,2056413
2433.15,3474906
2453.46,1881643
2437.03,1981273
2435.61,2194973
2434.5,1975028
2438.3,2954291
2439.07,1807411
2419.38,2029472
2440.69,1978838
2419.7,2437153
2423.41,2068473
2429.01,1196619
2429.01,1599196
2432.54,2001772
2409.75,2021301
2425.18,1668168
2427.43,1767991
2425.53,1732498
2443.25,1856436
2447.83,1845640
2459.27,1667639
2459.14,1655943
2460.61,1750952
2473.83,1849694
2473.45,1993809
2472.54,1946505
2469.91,1943951
2477.13,2373902
2477.83,2261843
2475.42,2677231
2472.1,2043354
2470.3,2189634
2476.35,2076284
2477.57,2125484
2472.16,2039487
2476.83,1869114
2480.91,1639568
2474.92,1826291
2474.02,1821056
2438.21,2079315
2441.32,1659263
2465.84,1586224
2464.61,1689634
2468.11,1686070
2430.01,1929351
2425.55,1962081
2428.37,1635774
2452.51,1588714
2444.04,1583454
2438.97,1678957
2443.05,1500901
2444.24,1466542
2446.3,1503811
2457.59,1552246
2471.65,2076949
2476.55,1581549
2476.55,1847956
2457.85,2114363
2465.54,2049759
2465.1,2097114
2461.43,2003872
2488.11,1933077
2496.48,1937394
2498.37,1897323
2495.62,1916765
2500.23,3038856
2503.87,1922721
2506.65,1920071
2508.24,2066414
2500.6,1811929
2502.22,1672337
2496.66,2033920
2496.84,1822049
2507.04,2035326
2510.06,1782170
2519.36,1809912
2529.12,1856378
2534.58,1737511
2537.74,1699098
2552.07,1729396
2549.33,1642294
2544.73,1505566
2550.64,1728125
2555.24,1817198
2550.93,2056842
2553.17,1893931
2557.64,1736356
2559.36,1783193
2561.26,1793322
2562.1,1896003
2575.21,2151131
2564.98,2043652
2569.13,2163380
2557.15,2467912
2560.4,2300759
2581.07,2620459
2572.83,2274923
2575.26,2301425
2579.36,2210945
2579.85,2416738
2587.84,2052553
2591.13,2116417
2590.64,2089737
2594.38,2092333
2584.62,2233489
2582.3,2045162
2584.84,2099115
2578.87,2207476
2564.62,2090801
2585.64,2046697
2578.85,2088322
2582.14,1786157
2599.03,1920977
2597.08,1596057
2597.08,1162165
2602.42,728273
2601.42,1728810
2627.04,2068827
2626.07,2671028
2647.58,3122109
2642.22,2497629
2639.44,2795998
2629.57,2274451
2629.27,1926062
2636.98,1977524
2651.5,1843451
2659.99,1811178
2664.11,2021583
2662.85,2001775
2652.01,1997408
2675.81,3745746
2690.16,2173508
2681.47,1951683
2679.25,1965565
2684.57,1948410
2683.34,1426879
2683.34,1263605
2680.5,1100331
2682.62,1187071
2687.54,1131234
2673.61,1354525
2673.61,1623601
2695.81,1892677
2713.06,2247361
2723.99,2209735
2743.15,1998928
2747.71,1965531
2751.29,2022847
2748.23,2091187
2767.56,1975974
2786.24,2129410
2786.24,2364834
2776.42,2600259
2802.56,2419145
2798.03,2307360
2810.3,2440065
2832.97,2162474
2839.13,2168016
2837.54,2447566
2839.25,2317282
2872.87,2215919
2853.53,2175684
2822.43,2405602
2823.81,2823742
2821.98,2466174
2762.13,2721618
2648.94,3544118
2695.14,4024144
2681.66,2838299
2581,3249463
2619.55,3731315
2656,2679600
2662.94,2093173
2698.63,2420070
2731.2,2296146
2732.22,2214919
2732.22,2175420
2716.26,2135922
2701.33,2221588
2703.96,2099630
2747.3,1869038
2779.6,2112407
2744.28,2357084
2713.83,2606286
2677.67,2790764
2691.25,2445884
2720.94,2341947
2728.12,2080635
2726.8,2204997
2738.97,2047405
2786.57,2195651
2783.02,2157969
2765.31,2353889
2749.48,2179976
2747.33,1998737
2752.01,3459193
2712.92,2191395
2716.94,2088202
2711.93,2074884
2643.69,2492921
2588.26,2558218
2658.55,2434498
2612.62,2501316
2605,2574192
2640.87,2348029
2640.87,2408512
2581.88,2468994
2614.45,2169555
2644.69,2220731
2662.84,2008036
2604.47,2187112
2613.16,1923051
2656.87,2132600
2642.19,1788526
2663.99,1922966
2656.3,1823269
2677.84,1866870
2706.39,1925631
2708.64,1965630
2693.13,2168637
2670.14,2308509
2670.29,1858105
2634.56,2413969
2639.4,2203580
2666.94,2543294
2669.91,2104565
2648.05,2335652
2654.8,2185438
2635.67,2303620
2629.73,2395693
2663.42,1915007
2672.63,1911248
2671.92,2106586
2697.79,2083098
2723.07,1835354
2727.72,1796034
2730.13,1820433
2711.45,1964096
2722.46,1844280
2720.13,1863613
2712.97,1956929
2733.01,1789869
2724.44,1907819
2733.29,2030186
2727.76,1965052
2721.33,1683086
2721.33,1967029
2689.86,2250972
2724.01,2032101
2705.27,2746987
2734.62,1995116
2746.87,1974155
2748.8,1982321
2772.35,2130321
2770.37,2139133
2779.03,1813372
2782,1917078
